Owner,Team,First,Last,GM,Goals,Assists,ThrowYds,RecYds,Block,Turn,FantasyPts,Draft,Combo-Owner-Draft,TeamName
Liam,AUS,Rob,Andrews,M,3,4,266,337,3,3,24.8,AK-5-10,Liam AK-5-10,AUSRobAndrews
,AUS,James,Bray,M,0,0,18,20,0,0,0.9,AK-5-10,,AUSJamesBray
,AUS,Olivia,Carr,F,3,0,0,58,0,1,1.2,AK-5-10,,AUSOliviaCarr
,AUS,Bill,Foreman,M,2,1,190,113,1,1,12.1,AK-5-10,,AUSBillForeman
Zach,AUS,Alex,Gan,M,1,0,293,111,0,7,-8.9,AK-5-10,Zach AK-5-10,AUSAlexGan
,AUS,Jonathan,Keys,M,2,7,387,196,0,4,12.6,AK-5-10,,AUSJonathanKeys
,AUS,Alex,Ladomatos,M,0,2,204,103,0,2,4.3,AK-5-10,,AUSAlexLadomatos
Josh,AUS,Sam,McGuckin,M,4,3,110,301,0,2,10.3,AK-5-10,Josh AK-5-10,AUSSamMcGuckin
,AUS,Lyra,Meehan,F,0,1,15,9,0,0,1.7,AK-5-10,,AUSLyraMeehan
Keegs,AUS,Cat,Phillips,F,1,4,240,379,2,2,21.9,AK-5-10,Keegs AK-5-10,AUSCatPhillips
,AUS,Angela,Pidgeon,F,3,1,19,91,1,0,10.4,AK-5-10,,AUSAngelaPidgeon
,AUS,Alexandra,Prentice,F,1,0,324,137,0,3,4.5,AK-5-10,,AUSAlexandraPrentice
Liam,AUS,Kya,Wiya,F,4,2,41,250,0,2,6.2,AK-5-10,Liam AK-5-10,AUSKyaWiya
,AUS,Georgia,Egan-Griffiths,F,1,0,32,36,0,0,2.7,AK-5-10,,AUSGeorgiaEgan-Griffiths
Keegs,CAN,Malik,Auger-Semmar,M,4,3,174,257,0,0,17.4,AK-5-10,Keegs AK-5-10,CANMalikAuger-Semmar
Josh,CAN,Anouchka,Beaudry,F,3,2,51,172,0,1,6.9,AK-5-10,Josh AK-5-10,CANAnouchkaBeaudry
,CAN,Malcolm,Bryson,M,0,2,95,98,2,1,11.9,AK-5-10,,CANMalcolmBryson
,CAN,Florence,Dionne,F,1,0,0,33,1,0,5.7,AK-5-10,,CANFlorenceDionne
Zach,CAN,Brittney,Dos Santos,F,2,4,282,192,0,3,9.3,AK-5-10,Zach AK-5-10,CANBrittneyDos Santos
AK,CAN,Thomas,Edmonds,M,4,3,451,238,1,1,26.5,AK-5-10,AK AK-5-10,CANThomasEdmonds
AK,CAN,Marty,Gallant,M,3,1,154,217,0,0,13.0,AK-5-10,AK AK-5-10,CANMartyGallant
Keegs,CAN,Sarah,Jacobsohn,F,0,3,86,163,0,4,-3.1,AK-5-10,Keegs AK-5-10,CANSarahJacobsohn
Zach,CAN,Lauren,Kimura,F,0,2,188,41,2,0,16.5,AK-5-10,Zach AK-5-10,CANLaurenKimura
AK,CAN,Mika,Kurahashi,F,0,1,95,99,1,1,6.9,AK-5-10,AK AK-5-10,CANMikaKurahashi
,CAN,Mark,Lloyd,M,2,0,57,119,1,1,7.1,AK-5-10,,CANMarkLloyd
,CAN,Gagan,Chatha,M,1,3,305,10,2,2,15.4,AK-5-10,,CANGaganChatha
Keegs,CAN,Quinn,Snider,M,5,1,52,331,2,2,16.2,AK-5-10,Keegs AK-5-10,CANQuinnSnider
,CAN,Molly,Wedge,F,1,0,3,24,1,1,2.6,AK-5-10,,CANMollyWedge
,CHN,Xiaoyun,Gao,F,2,0,31,227,0,4,-4.6,AK-5-10,,CHNXiaoyunGao
,CHN,Jiarong,Guo,M,4,2,132,375,3,1,26.5,AK-5-10,,CHNJiarongGuo
,CHN,Xin,Li,M,3,2,314,193,0,3,9.4,AK-5-10,,CHNXinLi
,CHN,Xue,Li,F,1,0,86,27,0,3,-4.9,AK-5-10,,CHNXueLi
,CHN,Bo,Liu,M,3,1,287,119,0,4,3.1,AK-5-10,,CHNBoLiu
,CHN,Quan,Mao,M,0,6,498,69,2,7,9.5,AK-5-10,,CHNQuanMao
,CHN,Xuanxuan,Wang,F,1,1,13,100,1,3,-0.6,AK-5-10,,CHNXuanxuanWang
,CHN,Simei,Wei,F,0,3,175,144,0,4,-0.8,AK-5-10,,CHNSimeiWei
,CHN,Yingyi,Xu,M,4,2,24,301,0,3,3.7,AK-5-10,,CHNYingyiXu
,CHN,Yu,Zeng,M,1,3,268,115,1,1,15.4,AK-5-10,,CHNYuZeng
,CHN,Lu,Zhang,F,0,1,2,157,0,1,1.2,AK-5-10,,CHNLuZhang
,CHN,Ying,Zhang,F,0,0,68,-65,0,0,0.8,AK-5-10,,CHNYingZhang
,CHN,Anqi,Zhou,F,2,0,-30,118,0,1,0.5,AK-5-10,,CHNAnqiZhou
,CHN,Zhaoje,Zhou,M,1,1,71,62,0,1,2.4,AK-5-10,,CHNZhaojeZhou
,COL,Ivan,Alba,M,1,3,185,117,1,2,9.9,AK-5-10,,COLIvanAlba
,COL,Jorge,Bulla,M,0,5,222,81,1,2,11.3,AK-5-10,,COLJorgeBulla
,COL,Manuel,Candamil,M,2,1,90,65,0,0,7.0,AK-5-10,,COLManuelCandamil
Josh,COL,Jonathan,Cantor,M,0,1,26,-29,0,0,1.2,AK-5-10,Josh AK-5-10,COLJonathanCantor
Josh,COL,Manuela,Cárdenas,F,1,2,222,87,0,1,8.4,AK-5-10,Josh AK-5-10,COLManuelaCárdenas
Keegs,COL,Valeria,Cárdenas,F,3,0,213,258,0,3,5.7,AK-5-10,Keegs AK-5-10,COLValeriaCárdenas
AK,COL,Yina,Cartagena,F,1,3,218,219,0,1,12.0,AK-5-10,AK AK-5-10,COLYinaCartagena
,COL,Juan Manuel,Cortes Amariles,M,0,0,15,67,0,0,1.8,AK-5-10,,COLJuan ManuelCortes Amariles
Liam,COL,Maria,Forero,F,1,1,15,62,0,0,3.7,AK-5-10,Liam AK-5-10,COLMariaForero
,COL,Ximena,Montaña,F,3,0,-1,106,1,0,9.1,AK-5-10,,COLXimenaMontaña
,COL,Laura,Ospina,F,1,1,92,113,0,0,7.1,AK-5-10,,COLLauraOspina
,COL,Andrés,Ramirez,M,5,2,52,154,1,0,15.7,AK-5-10,,COLAndrésRamirez
,COL,Simón,Ramírez,M,0,0,19,17,0,1,-2.1,AK-5-10,,COLSimónRamírez
Liam,COL,Maria Paula,Santos,F,2,1,56,107,0,0,6.8,AK-5-10,Liam AK-5-10,COLMaria PaulaSantos
Josh,FRA,Gaël,Ancelin,M,1,0,232,-21,0,5,-7.4,AK-5-10,Josh AK-5-10,FRAGaëlAncelin
Keegs,FRA,Paul,Benvegnen,M,2,8,569,172,2,2,32.6,AK-5-10,Keegs AK-5-10,FRAPaulBenvegnen
,FRA,Camille,Blanc,F,0,0,14,52,2,1,6.4,AK-5-10,,FRACamilleBlanc
Zach,FRA,Elliot,Bonnet,M,5,2,151,439,1,2,18.4,AK-5-10,Zach AK-5-10,FRAElliotBonnet
,FRA,Simone,Raulet,F,2,0,38,116,0,2,-0.5,AK-5-10,,FRASimoneRaulet
,FRA,Lison,Bornot,F,3,1,45,278,1,2,9.0,AK-5-10,,FRALisonBornot
,FRA,Zoë,Forget,F,2,0,45,111,0,0,5.6,AK-5-10,,FRAZoëForget
,FRA,Tifaine,Latchy,F,0,2,105,54,1,0,10.3,AK-5-10,,FRATifaineLatchy
,FRA,Chloé,Ollivier,F,2,0,-18,101,0,0,3.5,AK-5-10,,FRAChloéOllivier
Liam,FRA,Sacha,Poitte-Sokolsky,M,4,0,254,77,0,3,4.2,AK-5-10,Liam AK-5-10,FRASachaPoitte-Sokolsky
,FRA,Sullivan,Roblet,M,2,2,87,70,1,3,3.0,AK-5-10,,FRASullivanRoblet
,FRA,Simon,Ruelle,M,1,2,68,118,0,2,1.5,AK-5-10,,FRASimonRuelle
Josh,FRA,Léo,Stanguennec,M,0,5,248,215,2,1,21.8,AK-5-10,Josh AK-5-10,FRALéoStanguennec
Zach,FRA,Chloé,Vallet,F,0,2,77,125,0,2,0.8,AK-5-10,Zach AK-5-10,FRAChloéVallet
Zach,GER,Jakob,Dieckmann,M,6,2,156,367,0,3,11.0,AK-5-10,Zach AK-5-10,GERJakobDieckmann
,GER,Joana,Erdmann,F,1,0,-27,130,1,2,0.8,AK-5-10,,GERJoanaErdmann
Zach,GER,Hartley,Greenwald,M,1,2,124,90,1,2,6.6,AK-5-10,Zach AK-5-10,GERHartleyGreenwald
,GER,Paul,Herkens,M,3,2,144,159,6,1,33.6,AK-5-10,,GERPaulHerkens
,GER,David,Metzger,M,4,4,387,104,2,3,20.8,AK-5-10,,GERDavidMetzger
AK,GER,Ava,Mueller,F,3,1,169,25,1,1,10.6,AK-5-10,AK AK-5-10,GERAvaMueller
Liam,GER,Nico,Müller,M,1,7,565,106,0,1,24.2,AK-5-10,Liam AK-5-10,GERNicoMüller
Keegs,GER,Nici,Prien,F,2,2,27,239,1,2,7.6,AK-5-10,Keegs AK-5-10,GERNiciPrien
,GER,Charlotte,Schall,F,2,2,229,165,1,1,15.2,AK-5-10,,GERCharlotteSchall
Liam,GER,Conrad,Schloer,M,4,11,332,447,3,1,43.0,AK-5-10,Liam AK-5-10,GERConradSchloer
,GER,Lisa,Schütz,F,0,2,150,88,2,2,10.3,AK-5-10,,GERLisaSchütz
,GER,Nis-Julius,Sontag,M,1,2,164,42,0,1,5.8,AK-5-10,,GERNis-JuliusSontag
Josh,GER,Levke,Walczak,F,10,1,86,489,1,7,6.4,AK-5-10,Josh AK-5-10,GERLevkeWalczak
,GER,Verena,Woloson,F,0,0,-11,69,0,1,-1.9,AK-5-10,,GERVerenaWoloson
Liam,JPN,Taiyo,Arakawa,M,9,0,-37,367,1,0,19.2,AK-5-10,Liam AK-5-10,JPNTaiyoArakawa
Zach,JPN,Kanari,Imanishi,F,1,0,110,110,1,1,7.5,AK-5-10,Zach AK-5-10,JPNKanariImanishi
Keegs,JPN,Yuko,Kashino,F,2,6,239,213,0,0,19.5,AK-5-10,Keegs AK-5-10,JPNYukoKashino
,JPN,Masashi,Kurono,M,5,5,201,592,1,4,19.9,AK-5-10,,JPNMasashiKurono
,JPN,Shumpei,Makiyama,M,4,4,216,225,2,2,21.0,AK-5-10,,JPNShumpeiMakiyama
,JPN,Masahiro,Matsuno,M,0,2,311,89,0,4,1.2,AK-5-10,,JPNMasahiroMatsuno
,JPN,Hikari,Miyachi,F,0,0,0,0,0,0,0.0,AK-5-10,,JPNHikariMiyachi
,JPN,Akifumi,Muraoka,M,1,1,167,48,1,0,12.1,AK-5-10,,JPNAkifumiMuraoka
Josh,JPN,Sho,Okajima,M,3,4,162,198,0,4,3.9,AK-5-10,Josh AK-5-10,JPNShoOkajima
,JPN,Riyu,Shimizu,F,0,3,418,118,0,3,9.1,AK-5-10,,JPNRiyuShimizu
,JPN,Ryota,Suzuki,M,1,2,515,-33,0,3,8.9,AK-5-10,,JPNRyotaSuzuki
,JPN,Miwa,Tajima,F,1,0,6,20,0,0,1.6,AK-5-10,,JPNMiwaTajima
,JPN,Mayuka,Takada,F,3,3,240,436,0,3,13.0,AK-5-10,,JPNMayukaTakada
,JPN,Sayako,Nemoto,F,0,0,-31,45,1,0,4.0,AK-5-10,,JPNSayakoNemoto
Keegs,USA,Marques,Brownlee,M,3,2,359,43,1,4,8.8,AK-5-10,Keegs AK-5-10,USAMarquesBrownlee
Josh,USA,Claire,Chastain,F,0,1,89,90,1,3,0.5,AK-5-10,Josh AK-5-10,USAClaireChastain
Liam,USA,Dawn,Culton,F,3,1,73,151,0,0,9.2,AK-5-10,Liam AK-5-10,USADawnCulton
AK,USA,Carolyn,Finney,F,2,3,253,241,1,0,21.5,AK-5-10,AK AK-5-10,USACarolynFinney
AK,USA,Dylan,Freechild,M,1,5,475,-3,2,3,19.3,AK-5-10,AK AK-5-10,USADylanFreechild
Liam,USA,Kami,Groom,F,3,2,22,210,0,0,9.9,AK-5-10,Liam AK-5-10,USAKamiGroom
Zach,USA,Raphy,Hayes,M,4,3,129,450,2,5,12.9,AK-5-10,Zach AK-5-10,USARaphyHayes
Josh,USA,Kaela,Helton,F,2,2,107,169,1,0,14.6,AK-5-10,Josh AK-5-10,USAKaelaHelton
AK,USA,Henry,Ing,M,4,3,110,386,0,1,15.0,AK-5-10,AK AK-5-10,USAHenryIng
Keegs,USA,Michael,Ing,M,5,3,256,202,5,3,30.8,AK-5-10,Keegs AK-5-10,USAMichaelIng
AK,USA,Chris,Kocher,M,1,3,316,94,1,0,19.5,AK-5-10,AK AK-5-10,USAChrisKocher
,USA,Grant,Lindsley,M,2,6,283,206,0,0,20.7,AK-5-10,,USAGrantLindsley
AK,USA,Anna,Thompson,F,2,5,225,254,2,1,23.9,AK-5-10,AK AK-5-10,USAAnnaThompson
Zach,USA,Claire,Trop,F,7,0,38,252,1,1,14.2,AK-5-10,Zach AK-5-10,USAClaireTrop
Ian,AUS,Rob,Andrews,M,3,4,266,337,3,3,24.8,GUY-4-10,Ian GUY-4-10,AUSRobAndrews
,AUS,James,Bray,M,0,0,18,20,0,0,0.9,GUY-4-10,,AUSJamesBray
,AUS,Olivia,Carr,F,3,0,0,58,0,1,1.2,GUY-4-10,,AUSOliviaCarr
,AUS,Bill,Foreman,M,2,1,190,113,1,1,12.1,GUY-4-10,,AUSBillForeman
Guy,AUS,Alex,Gan,M,1,0,293,111,0,7,-8.9,GUY-4-10,Guy GUY-4-10,AUSAlexGan
,AUS,Jonathan,Keys,M,2,7,387,196,0,4,12.6,GUY-4-10,,AUSJonathanKeys
,AUS,Alex,Ladomatos,M,0,2,204,103,0,2,4.3,GUY-4-10,,AUSAlexLadomatos
Keegs,AUS,Sam,McGuckin,M,4,3,110,301,0,2,10.3,GUY-4-10,Keegs GUY-4-10,AUSSamMcGuckin
,AUS,Lyra,Meehan,F,0,1,15,9,0,0,1.7,GUY-4-10,,AUSLyraMeehan
Sam,AUS,Cat,Phillips,F,1,4,240,379,2,2,21.9,GUY-4-10,Sam GUY-4-10,AUSCatPhillips
,AUS,Angela,Pidgeon,F,3,1,19,91,1,0,10.4,GUY-4-10,,AUSAngelaPidgeon
,AUS,Alexandra,Prentice,F,1,0,324,137,0,3,4.5,GUY-4-10,,AUSAlexandraPrentice
Guy,AUS,Kya,Wiya,F,4,2,41,250,0,2,6.2,GUY-4-10,Guy GUY-4-10,AUSKyaWiya
,AUS,Georgia,Egan-Griffiths,F,1,0,32,36,0,0,2.7,GUY-4-10,,AUSGeorgiaEgan-Griffiths
Keegs,CAN,Malik,Auger-Semmar,M,4,3,174,257,0,0,17.4,GUY-4-10,Keegs GUY-4-10,CANMalikAuger-Semmar
Keegs,CAN,Anouchka,Beaudry,F,3,2,51,172,0,1,6.9,GUY-4-10,Keegs GUY-4-10,CANAnouchkaBeaudry
,CAN,Malcolm,Bryson,M,0,2,95,98,2,1,11.9,GUY-4-10,,CANMalcolmBryson
,CAN,Florence,Dionne,F,1,0,0,33,1,0,5.7,GUY-4-10,,CANFlorenceDionne
Guy,CAN,Brittney,Dos Santos,F,2,4,282,192,0,3,9.3,GUY-4-10,Guy GUY-4-10,CANBrittneyDos Santos
Sam,CAN,Thomas,Edmonds,M,4,3,451,238,1,1,26.5,GUY-4-10,Sam GUY-4-10,CANThomasEdmonds
Ian,CAN,Marty,Gallant,M,3,1,154,217,0,0,13.0,GUY-4-10,Ian GUY-4-10,CANMartyGallant
,CAN,Sarah,Jacobsohn,F,0,3,86,163,0,4,-3.1,GUY-4-10,,CANSarahJacobsohn
,CAN,Lauren,Kimura,F,0,2,188,41,2,0,16.5,GUY-4-10,,CANLaurenKimura
Ian,CAN,Mika,Kurahashi,F,0,1,95,99,1,1,6.9,GUY-4-10,Ian GUY-4-10,CANMikaKurahashi
,CAN,Mark,Lloyd,M,2,0,57,119,1,1,7.1,GUY-4-10,,CANMarkLloyd
,CAN,Gagan,Chatha,M,1,3,305,10,2,2,15.4,GUY-4-10,,CANGaganChatha
,CAN,Quinn,Snider,M,5,1,52,331,2,2,16.2,GUY-4-10,,CANQuinnSnider
Ian,CAN,Molly,Wedge,F,1,0,3,24,1,1,2.6,GUY-4-10,Ian GUY-4-10,CANMollyWedge
,CHN,Xiaoyun,Gao,F,2,0,31,227,0,4,-4.6,GUY-4-10,,CHNXiaoyunGao
,CHN,Jiarong,Guo,M,4,2,132,375,3,1,26.5,GUY-4-10,,CHNJiarongGuo
,CHN,Xin,Li,M,3,2,314,193,0,3,9.4,GUY-4-10,,CHNXinLi
,CHN,Xue,Li,F,1,0,86,27,0,3,-4.9,GUY-4-10,,CHNXueLi
,CHN,Bo,Liu,M,3,1,287,119,0,4,3.1,GUY-4-10,,CHNBoLiu
,CHN,Quan,Mao,M,0,6,498,69,2,7,9.5,GUY-4-10,,CHNQuanMao
,CHN,Xuanxuan,Wang,F,1,1,13,100,1,3,-0.6,GUY-4-10,,CHNXuanxuanWang
,CHN,Simei,Wei,F,0,3,175,144,0,4,-0.8,GUY-4-10,,CHNSimeiWei
,CHN,Yingyi,Xu,M,4,2,24,301,0,3,3.7,GUY-4-10,,CHNYingyiXu
,CHN,Yu,Zeng,M,1,3,268,115,1,1,15.4,GUY-4-10,,CHNYuZeng
,CHN,Lu,Zhang,F,0,1,2,157,0,1,1.2,GUY-4-10,,CHNLuZhang
,CHN,Ying,Zhang,F,0,0,68,-65,0,0,0.8,GUY-4-10,,CHNYingZhang
,CHN,Anqi,Zhou,F,2,0,-30,118,0,1,0.5,GUY-4-10,,CHNAnqiZhou
,CHN,Zhaoje,Zhou,M,1,1,71,62,0,1,2.4,GUY-4-10,,CHNZhaojeZhou
,COL,Ivan,Alba,M,1,3,185,117,1,2,9.9,GUY-4-10,,COLIvanAlba
,COL,Jorge,Bulla,M,0,5,222,81,1,2,11.3,GUY-4-10,,COLJorgeBulla
,COL,Manuel,Candamil,M,2,1,90,65,0,0,7.0,GUY-4-10,,COLManuelCandamil
Sam,COL,Jonathan,Cantor,M,0,1,26,-29,0,0,1.2,GUY-4-10,Sam GUY-4-10,COLJonathanCantor
Ian,COL,Manuela,Cárdenas,F,1,2,222,87,0,1,8.4,GUY-4-10,Ian GUY-4-10,COLManuelaCárdenas
Keegs,COL,Valeria,Cárdenas,F,3,0,213,258,0,3,5.7,GUY-4-10,Keegs GUY-4-10,COLValeriaCárdenas
Keegs,COL,Yina,Cartagena,F,1,3,218,219,0,1,12.0,GUY-4-10,Keegs GUY-4-10,COLYinaCartagena
,COL,Juan Manuel,Cortes Amariles,M,0,0,15,67,0,0,1.8,GUY-4-10,,COLJuan ManuelCortes Amariles
,COL,Maria,Forero,F,1,1,15,62,0,0,3.7,GUY-4-10,,COLMariaForero
,COL,Ximena,Montaña,F,3,0,-1,106,1,0,9.1,GUY-4-10,,COLXimenaMontaña
Sam,COL,Laura,Ospina,F,1,1,92,113,0,0,7.1,GUY-4-10,Sam GUY-4-10,COLLauraOspina
,COL,Andrés,Ramirez,M,5,2,52,154,1,0,15.7,GUY-4-10,,COLAndrésRamirez
,COL,Simón,Ramírez,M,0,0,19,17,0,1,-2.1,GUY-4-10,,COLSimónRamírez
Guy,COL,Maria Paula,Santos,F,2,1,56,107,0,0,6.8,GUY-4-10,Guy GUY-4-10,COLMaria PaulaSantos
Keegs,FRA,Gaël,Ancelin,M,1,0,232,-21,0,5,-7.4,GUY-4-10,Keegs GUY-4-10,FRAGaëlAncelin
Ian,FRA,Paul,Benvegnen,M,2,8,569,172,2,2,32.6,GUY-4-10,Ian GUY-4-10,FRAPaulBenvegnen
,FRA,Camille,Blanc,F,0,0,14,52,2,1,6.4,GUY-4-10,,FRACamilleBlanc
Guy,FRA,Elliot,Bonnet,M,5,2,151,439,1,2,18.4,GUY-4-10,Guy GUY-4-10,FRAElliotBonnet
,FRA,Simone,Raulet,F,2,0,38,116,0,2,-0.5,GUY-4-10,,FRASimoneRaulet
,FRA,Lison,Bornot,F,3,1,45,278,1,2,9.0,GUY-4-10,,FRALisonBornot
,FRA,Zoë,Forget,F,2,0,45,111,0,0,5.6,GUY-4-10,,FRAZoëForget
,FRA,Tifaine,Latchy,F,0,2,105,54,1,0,10.3,GUY-4-10,,FRATifaineLatchy
,FRA,Chloé,Ollivier,F,2,0,-18,101,0,0,3.5,GUY-4-10,,FRAChloéOllivier
,FRA,Sacha,Poitte-Sokolsky,M,4,0,254,77,0,3,4.2,GUY-4-10,,FRASachaPoitte-Sokolsky
Guy,FRA,Sullivan,Roblet,M,2,2,87,70,1,3,3.0,GUY-4-10,Guy GUY-4-10,FRASullivanRoblet
,FRA,Simon,Ruelle,M,1,2,68,118,0,2,1.5,GUY-4-10,,FRASimonRuelle
Ian,FRA,Léo,Stanguennec,M,0,5,248,215,2,1,21.8,GUY-4-10,Ian GUY-4-10,FRALéoStanguennec
Keegs,FRA,Chloé,Vallet,F,0,2,77,125,0,2,0.8,GUY-4-10,Keegs GUY-4-10,FRAChloéVallet
Keegs,GER,Jakob,Dieckmann,M,6,2,156,367,0,3,11.0,GUY-4-10,Keegs GUY-4-10,GERJakobDieckmann
,GER,Joana,Erdmann,F,1,0,-27,130,1,2,0.8,GUY-4-10,,GERJoanaErdmann
,GER,Hartley,Greenwald,M,1,2,124,90,1,2,6.6,GUY-4-10,,GERHartleyGreenwald
,GER,Paul,Herkens,M,3,2,144,159,6,1,33.6,GUY-4-10,,GERPaulHerkens
,GER,David,Metzger,M,4,4,387,104,2,3,20.8,GUY-4-10,,GERDavidMetzger
,GER,Ava,Mueller,F,3,1,169,25,1,1,10.6,GUY-4-10,,GERAvaMueller
Sam,GER,Nico,Müller,M,1,7,565,106,0,1,24.2,GUY-4-10,Sam GUY-4-10,GERNicoMüller
Sam,GER,Nici,Prien,F,2,2,27,239,1,2,7.6,GUY-4-10,Sam GUY-4-10,GERNiciPrien
Ian,GER,Charlotte,Schall,F,2,2,229,165,1,1,15.2,GUY-4-10,Ian GUY-4-10,GERCharlotteSchall
Guy,GER,Conrad,Schloer,M,4,11,332,447,3,1,43.0,GUY-4-10,Guy GUY-4-10,GERConradSchloer
,GER,Lisa,Schütz,F,0,2,150,88,2,2,10.3,GUY-4-10,,GERLisaSchütz
,GER,Nis-Julius,Sontag,M,1,2,164,42,0,1,5.8,GUY-4-10,,GERNis-JuliusSontag
Guy,GER,Levke,Walczak,F,10,1,86,489,1,7,6.4,GUY-4-10,Guy GUY-4-10,GERLevkeWalczak
,GER,Verena,Woloson,F,0,0,-11,69,0,1,-1.9,GUY-4-10,,GERVerenaWoloson
Guy,JPN,Taiyo,Arakawa,M,9,0,-37,367,1,0,19.2,GUY-4-10,Guy GUY-4-10,JPNTaiyoArakawa
Sam,JPN,Kanari,Imanishi,F,1,0,110,110,1,1,7.5,GUY-4-10,Sam GUY-4-10,JPNKanariImanishi
,JPN,Yuko,Kashino,F,2,6,239,213,0,0,19.5,GUY-4-10,,JPNYukoKashino
,JPN,Masashi,Kurono,M,5,5,201,592,1,4,19.9,GUY-4-10,,JPNMasashiKurono
,JPN,Shumpei,Makiyama,M,4,4,216,225,2,2,21.0,GUY-4-10,,JPNShumpeiMakiyama
,JPN,Masahiro,Matsuno,M,0,2,311,89,0,4,1.2,GUY-4-10,,JPNMasahiroMatsuno
,JPN,Hikari,Miyachi,F,0,0,0,0,0,0,0.0,GUY-4-10,,JPNHikariMiyachi
,JPN,Akifumi,Muraoka,M,1,1,167,48,1,0,12.1,GUY-4-10,,JPNAkifumiMuraoka
Sam,JPN,Sho,Okajima,M,3,4,162,198,0,4,3.9,GUY-4-10,Sam GUY-4-10,JPNShoOkajima
,JPN,Riyu,Shimizu,F,0,3,418,118,0,3,9.1,GUY-4-10,,JPNRiyuShimizu
,JPN,Ryota,Suzuki,M,1,2,515,-33,0,3,8.9,GUY-4-10,,JPNRyotaSuzuki
,JPN,Miwa,Tajima,F,1,0,6,20,0,0,1.6,GUY-4-10,,JPNMiwaTajima
,JPN,Mayuka,Takada,F,3,3,240,436,0,3,13.0,GUY-4-10,,JPNMayukaTakada
,JPN,Sayako,Nemoto,F,0,0,-31,45,1,0,4.0,GUY-4-10,,JPNSayakoNemoto
,USA,Marques,Brownlee,M,3,2,359,43,1,4,8.8,GUY-4-10,,USAMarquesBrownlee
,USA,Claire,Chastain,F,0,1,89,90,1,3,0.5,GUY-4-10,,USAClaireChastain
Ian,USA,Dawn,Culton,F,3,1,73,151,0,0,9.2,GUY-4-10,Ian GUY-4-10,USADawnCulton
,USA,Carolyn,Finney,F,2,3,253,241,1,0,21.5,GUY-4-10,,USACarolynFinney
,USA,Dylan,Freechild,M,1,5,475,-3,2,3,19.3,GUY-4-10,,USADylanFreechild
Guy,USA,Kami,Groom,F,3,2,22,210,0,0,9.9,GUY-4-10,Guy GUY-4-10,USAKamiGroom
Ian,USA,Raphy,Hayes,M,4,3,129,450,2,5,12.9,GUY-4-10,Ian GUY-4-10,USARaphyHayes
,USA,Kaela,Helton,F,2,2,107,169,1,0,14.6,GUY-4-10,,USAKaelaHelton
Sam,USA,Henry,Ing,M,4,3,110,386,0,1,15.0,GUY-4-10,Sam GUY-4-10,USAHenryIng
Keegs,USA,Michael,Ing,M,5,3,256,202,5,3,30.8,GUY-4-10,Keegs GUY-4-10,USAMichaelIng
,USA,Chris,Kocher,M,1,3,316,94,1,0,19.5,GUY-4-10,,USAChrisKocher
,USA,Grant,Lindsley,M,2,6,283,206,0,0,20.7,GUY-4-10,,USAGrantLindsley
Keegs,USA,Anna,Thompson,F,2,5,225,254,2,1,23.9,GUY-4-10,Keegs GUY-4-10,USAAnnaThompson
Sam,USA,Claire,Trop,F,7,0,38,252,1,1,14.2,GUY-4-10,Sam GUY-4-10,USAClaireTrop
Hannah,AUS,Rob,Andrews,M,3,4,266,337,3,3,24.8,EUCOMM-8-8,Hannah EUCOMM-8-8,AUSRobAndrews
,AUS,James,Bray,M,0,0,18,20,0,0,0.9,EUCOMM-8-8,,AUSJamesBray
Francis,AUS,Olivia,Carr,F,3,0,0,58,0,1,1.2,EUCOMM-8-8,Francis EUCOMM-8-8,AUSOliviaCarr
,AUS,Bill,Foreman,M,2,1,190,113,1,1,12.1,EUCOMM-8-8,,AUSBillForeman
Smurph,AUS,Alex,Gan,M,1,0,293,111,0,7,-8.9,EUCOMM-8-8,Smurph EUCOMM-8-8,AUSAlexGan
,AUS,Jonathan,Keys,M,2,7,387,196,0,4,12.6,EUCOMM-8-8,,AUSJonathanKeys
Stef,AUS,Alex,Ladomatos,M,0,2,204,103,0,2,4.3,EUCOMM-8-8,Stef EUCOMM-8-8,AUSAlexLadomatos
Sean,AUS,Sam,McGuckin,M,4,3,110,301,0,2,10.3,EUCOMM-8-8,Sean EUCOMM-8-8,AUSSamMcGuckin
,AUS,Lyra,Meehan,F,0,1,15,9,0,0,1.7,EUCOMM-8-8,,AUSLyraMeehan
Stef,AUS,Cat,Phillips,F,1,4,240,379,2,2,21.9,EUCOMM-8-8,Stef EUCOMM-8-8,AUSCatPhillips
,AUS,Angela,Pidgeon,F,3,1,19,91,1,0,10.4,EUCOMM-8-8,,AUSAngelaPidgeon
,AUS,Alexandra,Prentice,F,1,0,324,137,0,3,4.5,EUCOMM-8-8,,AUSAlexandraPrentice
Liam,AUS,Kya,Wiya,F,4,2,41,250,0,2,6.2,EUCOMM-8-8,Liam EUCOMM-8-8,AUSKyaWiya
,AUS,Georgia,Egan-Griffiths,F,1,0,32,36,0,0,2.7,EUCOMM-8-8,,AUSGeorgiaEgan-Griffiths
Benj,CAN,Malik,Auger-Semmar,M,4,3,174,257,0,0,17.4,EUCOMM-8-8,Benj EUCOMM-8-8,CANMalikAuger-Semmar
Benj,CAN,Anouchka,Beaudry,F,3,2,51,172,0,1,6.9,EUCOMM-8-8,Benj EUCOMM-8-8,CANAnouchkaBeaudry
,CAN,Malcolm,Bryson,M,0,2,95,98,2,1,11.9,EUCOMM-8-8,,CANMalcolmBryson
,CAN,Florence,Dionne,F,1,0,0,33,1,0,5.7,EUCOMM-8-8,,CANFlorenceDionne
Durbs,CAN,Brittney,Dos Santos,F,2,4,282,192,0,3,9.3,EUCOMM-8-8,Durbs EUCOMM-8-8,CANBrittneyDos Santos
Sean,CAN,Thomas,Edmonds,M,4,3,451,238,1,1,26.5,EUCOMM-8-8,Sean EUCOMM-8-8,CANThomasEdmonds
,CAN,Marty,Gallant,M,3,1,154,217,0,0,13.0,EUCOMM-8-8,,CANMartyGallant
Hannah,CAN,Sarah,Jacobsohn,F,0,3,86,163,0,4,-3.1,EUCOMM-8-8,Hannah EUCOMM-8-8,CANSarahJacobsohn
Francis,CAN,Lauren,Kimura,F,0,2,188,41,2,0,16.5,EUCOMM-8-8,Francis EUCOMM-8-8,CANLaurenKimura
Sean,CAN,Mika,Kurahashi,F,0,1,95,99,1,1,6.9,EUCOMM-8-8,Sean EUCOMM-8-8,CANMikaKurahashi
Francis,CAN,Mark,Lloyd,M,2,0,57,119,1,1,7.1,EUCOMM-8-8,Francis EUCOMM-8-8,CANMarkLloyd
,CAN,Gagan,Chatha,M,1,3,305,10,2,2,15.4,EUCOMM-8-8,,CANGaganChatha
Stef,CAN,Quinn,Snider,M,5,1,52,331,2,2,16.2,EUCOMM-8-8,Stef EUCOMM-8-8,CANQuinnSnider
Durbs,CAN,Molly,Wedge,F,1,0,3,24,1,1,2.6,EUCOMM-8-8,Durbs EUCOMM-8-8,CANMollyWedge
,CHN,Xiaoyun,Gao,F,2,0,31,227,0,4,-4.6,EUCOMM-8-8,,CHNXiaoyunGao
,CHN,Jiarong,Guo,M,4,2,132,375,3,1,26.5,EUCOMM-8-8,,CHNJiarongGuo
,CHN,Xin,Li,M,3,2,314,193,0,3,9.4,EUCOMM-8-8,,CHNXinLi
,CHN,Xue,Li,F,1,0,86,27,0,3,-4.9,EUCOMM-8-8,,CHNXueLi
,CHN,Bo,Liu,M,3,1,287,119,0,4,3.1,EUCOMM-8-8,,CHNBoLiu
,CHN,Quan,Mao,M,0,6,498,69,2,7,9.5,EUCOMM-8-8,,CHNQuanMao
,CHN,Xuanxuan,Wang,F,1,1,13,100,1,3,-0.6,EUCOMM-8-8,,CHNXuanxuanWang
,CHN,Simei,Wei,F,0,3,175,144,0,4,-0.8,EUCOMM-8-8,,CHNSimeiWei
,CHN,Yingyi,Xu,M,4,2,24,301,0,3,3.7,EUCOMM-8-8,,CHNYingyiXu
,CHN,Yu,Zeng,M,1,3,268,115,1,1,15.4,EUCOMM-8-8,,CHNYuZeng
,CHN,Lu,Zhang,F,0,1,2,157,0,1,1.2,EUCOMM-8-8,,CHNLuZhang
,CHN,Ying,Zhang,F,0,0,68,-65,0,0,0.8,EUCOMM-8-8,,CHNYingZhang
,CHN,Anqi,Zhou,F,2,0,-30,118,0,1,0.5,EUCOMM-8-8,,CHNAnqiZhou
,CHN,Zhaoje,Zhou,M,1,1,71,62,0,1,2.4,EUCOMM-8-8,,CHNZhaojeZhou
,COL,Ivan,Alba,M,1,3,185,117,1,2,9.9,EUCOMM-8-8,,COLIvanAlba
Durbs,COL,Jorge,Bulla,M,0,5,222,81,1,2,11.3,EUCOMM-8-8,Durbs EUCOMM-8-8,COLJorgeBulla
,COL,Manuel,Candamil,M,2,1,90,65,0,0,7.0,EUCOMM-8-8,,COLManuelCandamil
Sean,COL,Jonathan,Cantor,M,0,1,26,-29,0,0,1.2,EUCOMM-8-8,Sean EUCOMM-8-8,COLJonathanCantor
Liam,COL,Manuela,Cárdenas,F,1,2,222,87,0,1,8.4,EUCOMM-8-8,Liam EUCOMM-8-8,COLManuelaCárdenas
Hannah,COL,Valeria,Cárdenas,F,3,0,213,258,0,3,5.7,EUCOMM-8-8,Hannah EUCOMM-8-8,COLValeriaCárdenas
Stef,COL,Yina,Cartagena,F,1,3,218,219,0,1,12.0,EUCOMM-8-8,Stef EUCOMM-8-8,COLYinaCartagena
,COL,Juan Manuel,Cortes Amariles,M,0,0,15,67,0,0,1.8,EUCOMM-8-8,,COLJuan ManuelCortes Amariles
,COL,Maria,Forero,F,1,1,15,62,0,0,3.7,EUCOMM-8-8,,COLMariaForero
Smurph,COL,Ximena,Montaña,F,3,0,-1,106,1,0,9.1,EUCOMM-8-8,Smurph EUCOMM-8-8,COLXimenaMontaña
Benj,COL,Laura,Ospina,F,1,1,92,113,0,0,7.1,EUCOMM-8-8,Benj EUCOMM-8-8,COLLauraOspina
,COL,Andrés,Ramirez,M,5,2,52,154,1,0,15.7,EUCOMM-8-8,,COLAndrésRamirez
,COL,Simón,Ramírez,M,0,0,19,17,0,1,-2.1,EUCOMM-8-8,,COLSimónRamírez
Liam,COL,Maria Paula,Santos,F,2,1,56,107,0,0,6.8,EUCOMM-8-8,Liam EUCOMM-8-8,COLMaria PaulaSantos
Hannah,FRA,Gaël,Ancelin,M,1,0,232,-21,0,5,-7.4,EUCOMM-8-8,Hannah EUCOMM-8-8,FRAGaëlAncelin
Liam,FRA,Paul,Benvegnen,M,2,8,569,172,2,2,32.6,EUCOMM-8-8,Liam EUCOMM-8-8,FRAPaulBenvegnen
Smurph,FRA,Camille,Blanc,F,0,0,14,52,2,1,6.4,EUCOMM-8-8,Smurph EUCOMM-8-8,FRACamilleBlanc
Liam,FRA,Elliot,Bonnet,M,5,2,151,439,1,2,18.4,EUCOMM-8-8,Liam EUCOMM-8-8,FRAElliotBonnet
,FRA,Simone,Raulet,F,2,0,38,116,0,2,-0.5,EUCOMM-8-8,,FRASimoneRaulet
Francis,FRA,Lison,Bornot,F,3,1,45,278,1,2,9.0,EUCOMM-8-8,Francis EUCOMM-8-8,FRALisonBornot
,FRA,Zoë,Forget,F,2,0,45,111,0,0,5.6,EUCOMM-8-8,,FRAZoëForget
,FRA,Tifaine,Latchy,F,0,2,105,54,1,0,10.3,EUCOMM-8-8,,FRATifaineLatchy
Liam,FRA,Chloé,Ollivier,F,2,0,-18,101,0,0,3.5,EUCOMM-8-8,Liam EUCOMM-8-8,FRAChloéOllivier
Stef,FRA,Sacha,Poitte-Sokolsky,M,4,0,254,77,0,3,4.2,EUCOMM-8-8,Stef EUCOMM-8-8,FRASachaPoitte-Sokolsky
Francis,FRA,Sullivan,Roblet,M,2,2,87,70,1,3,3.0,EUCOMM-8-8,Francis EUCOMM-8-8,FRASullivanRoblet
Benj,FRA,Simon,Ruelle,M,1,2,68,118,0,2,1.5,EUCOMM-8-8,Benj EUCOMM-8-8,FRASimonRuelle
Smurph,FRA,Léo,Stanguennec,M,0,5,248,215,2,1,21.8,EUCOMM-8-8,Smurph EUCOMM-8-8,FRALéoStanguennec
Hannah,FRA,Chloé,Vallet,F,0,2,77,125,0,2,0.8,EUCOMM-8-8,Hannah EUCOMM-8-8,FRAChloéVallet
Durbs,GER,Jakob,Dieckmann,M,6,2,156,367,0,3,11.0,EUCOMM-8-8,Durbs EUCOMM-8-8,GERJakobDieckmann
,GER,Joana,Erdmann,F,1,0,-27,130,1,2,0.8,EUCOMM-8-8,,GERJoanaErdmann
,GER,Hartley,Greenwald,M,1,2,124,90,1,2,6.6,EUCOMM-8-8,,GERHartleyGreenwald
Durbs,GER,Paul,Herkens,M,3,2,144,159,6,1,33.6,EUCOMM-8-8,Durbs EUCOMM-8-8,GERPaulHerkens
,GER,David,Metzger,M,4,4,387,104,2,3,20.8,EUCOMM-8-8,,GERDavidMetzger
Sean,GER,Ava,Mueller,F,3,1,169,25,1,1,10.6,EUCOMM-8-8,Sean EUCOMM-8-8,GERAvaMueller
Benj,GER,Nico,Müller,M,1,7,565,106,0,1,24.2,EUCOMM-8-8,Benj EUCOMM-8-8,GERNicoMüller
Sean,GER,Nici,Prien,F,2,2,27,239,1,2,7.6,EUCOMM-8-8,Sean EUCOMM-8-8,GERNiciPrien
Hannah,GER,Charlotte,Schall,F,2,2,229,165,1,1,15.2,EUCOMM-8-8,Hannah EUCOMM-8-8,GERCharlotteSchall
Smurph,GER,Conrad,Schloer,M,4,11,332,447,3,1,43.0,EUCOMM-8-8,Smurph EUCOMM-8-8,GERConradSchloer
Durbs,GER,Lisa,Schütz,F,0,2,150,88,2,2,10.3,EUCOMM-8-8,Durbs EUCOMM-8-8,GERLisaSchütz
,GER,Nis-Julius,Sontag,M,1,2,164,42,0,1,5.8,EUCOMM-8-8,,GERNis-JuliusSontag
Stef,GER,Levke,Walczak,F,10,1,86,489,1,7,6.4,EUCOMM-8-8,Stef EUCOMM-8-8,GERLevkeWalczak
,GER,Verena,Woloson,F,0,0,-11,69,0,1,-1.9,EUCOMM-8-8,,GERVerenaWoloson
Liam,JPN,Taiyo,Arakawa,M,9,0,-37,367,1,0,19.2,EUCOMM-8-8,Liam EUCOMM-8-8,JPNTaiyoArakawa
Smurph,JPN,Kanari,Imanishi,F,1,0,110,110,1,1,7.5,EUCOMM-8-8,Smurph EUCOMM-8-8,JPNKanariImanishi
Sean,JPN,Yuko,Kashino,F,2,6,239,213,0,0,19.5,EUCOMM-8-8,Sean EUCOMM-8-8,JPNYukoKashino
,JPN,Masashi,Kurono,M,5,5,201,592,1,4,19.9,EUCOMM-8-8,,JPNMasashiKurono
,JPN,Shumpei,Makiyama,M,4,4,216,225,2,2,21.0,EUCOMM-8-8,,JPNShumpeiMakiyama
Francis,JPN,Masahiro,Matsuno,M,0,2,311,89,0,4,1.2,EUCOMM-8-8,Francis EUCOMM-8-8,JPNMasahiroMatsuno
,JPN,Hikari,Miyachi,F,0,0,0,0,0,0,0.0,EUCOMM-8-8,,JPNHikariMiyachi
Smurph,JPN,Akifumi,Muraoka,M,1,1,167,48,1,0,12.1,EUCOMM-8-8,Smurph EUCOMM-8-8,JPNAkifumiMuraoka
Sean,JPN,Sho,Okajima,M,3,4,162,198,0,4,3.9,EUCOMM-8-8,Sean EUCOMM-8-8,JPNShoOkajima
,JPN,Riyu,Shimizu,F,0,3,418,118,0,3,9.1,EUCOMM-8-8,,JPNRiyuShimizu
,JPN,Ryota,Suzuki,M,1,2,515,-33,0,3,8.9,EUCOMM-8-8,,JPNRyotaSuzuki
,JPN,Miwa,Tajima,F,1,0,6,20,0,0,1.6,EUCOMM-8-8,,JPNMiwaTajima
,JPN,Mayuka,Takada,F,3,3,240,436,0,3,13.0,EUCOMM-8-8,,JPNMayukaTakada
,JPN,Sayako,Nemoto,F,0,0,-31,45,1,0,4.0,EUCOMM-8-8,,JPNSayakoNemoto
Durbs,USA,Marques,Brownlee,M,3,2,359,43,1,4,8.8,EUCOMM-8-8,Durbs EUCOMM-8-8,USAMarquesBrownlee
,USA,Claire,Chastain,F,0,1,89,90,1,3,0.5,EUCOMM-8-8,,USAClaireChastain
Durbs,USA,Dawn,Culton,F,3,1,73,151,0,0,9.2,EUCOMM-8-8,Durbs EUCOMM-8-8,USADawnCulton
Stef,USA,Carolyn,Finney,F,2,3,253,241,1,0,21.5,EUCOMM-8-8,Stef EUCOMM-8-8,USACarolynFinney
Hannah,USA,Dylan,Freechild,M,1,5,475,-3,2,3,19.3,EUCOMM-8-8,Hannah EUCOMM-8-8,USADylanFreechild
Benj,USA,Kami,Groom,F,3,2,22,210,0,0,9.9,EUCOMM-8-8,Benj EUCOMM-8-8,USAKamiGroom
Stef,USA,Raphy,Hayes,M,4,3,129,450,2,5,12.9,EUCOMM-8-8,Stef EUCOMM-8-8,USARaphyHayes
Smurph,USA,Kaela,Helton,F,2,2,107,169,1,0,14.6,EUCOMM-8-8,Smurph EUCOMM-8-8,USAKaelaHelton
Francis,USA,Henry,Ing,M,4,3,110,386,0,1,15.0,EUCOMM-8-8,Francis EUCOMM-8-8,USAHenryIng
Liam,USA,Michael,Ing,M,5,3,256,202,5,3,30.8,EUCOMM-8-8,Liam EUCOMM-8-8,USAMichaelIng
Benj,USA,Chris,Kocher,M,1,3,316,94,1,0,19.5,EUCOMM-8-8,Benj EUCOMM-8-8,USAChrisKocher
Hannah,USA,Grant,Lindsley,M,2,6,283,206,0,0,20.7,EUCOMM-8-8,Hannah EUCOMM-8-8,USAGrantLindsley
Benj,USA,Anna,Thompson,F,2,5,225,254,2,1,23.9,EUCOMM-8-8,Benj EUCOMM-8-8,USAAnnaThompson
Francis,USA,Claire,Trop,F,7,0,38,252,1,1,14.2,EUCOMM-8-8,Francis EUCOMM-8-8,USAClaireTrop
Keith,AUS,Rob,Andrews,M,3,4,266,337,3,3,24.8,GINET-4-12,Keith GINET-4-12,AUSRobAndrews
,AUS,James,Bray,M,0,0,18,20,0,0,0.9,GINET-4-12,,AUSJamesBray
,AUS,Olivia,Carr,F,3,0,0,58,0,1,1.2,GINET-4-12,,AUSOliviaCarr
,AUS,Bill,Foreman,M,2,1,190,113,1,1,12.1,GINET-4-12,,AUSBillForeman
Ben,AUS,Alex,Gan,M,1,0,293,111,0,7,-8.9,GINET-4-12,Ben GINET-4-12,AUSAlexGan
,AUS,Jonathan,Keys,M,2,7,387,196,0,4,12.6,GINET-4-12,,AUSJonathanKeys
,AUS,Alex,Ladomatos,M,0,2,204,103,0,2,4.3,GINET-4-12,,AUSAlexLadomatos
Keith,AUS,Sam,McGuckin,M,4,3,110,301,0,2,10.3,GINET-4-12,Keith GINET-4-12,AUSSamMcGuckin
,AUS,Lyra,Meehan,F,0,1,15,9,0,0,1.7,GINET-4-12,,AUSLyraMeehan
Anthony,AUS,Cat,Phillips,F,1,4,240,379,2,2,21.9,GINET-4-12,Anthony GINET-4-12,AUSCatPhillips
,AUS,Angela,Pidgeon,F,3,1,19,91,1,0,10.4,GINET-4-12,,AUSAngelaPidgeon
,AUS,Alexandra,Prentice,F,1,0,324,137,0,3,4.5,GINET-4-12,,AUSAlexandraPrentice
Keith,AUS,Kya,Wiya,F,4,2,41,250,0,2,6.2,GINET-4-12,Keith GINET-4-12,AUSKyaWiya
,AUS,Georgia,Egan-Griffiths,F,1,0,32,36,0,0,2.7,GINET-4-12,,AUSGeorgiaEgan-Griffiths
Chris,CAN,Malik,Auger-Semmar,M,4,3,174,257,0,0,17.4,GINET-4-12,Chris GINET-4-12,CANMalikAuger-Semmar
Keith,CAN,Anouchka,Beaudry,F,3,2,51,172,0,1,6.9,GINET-4-12,Keith GINET-4-12,CANAnouchkaBeaudry
,CAN,Malcolm,Bryson,M,0,2,95,98,2,1,11.9,GINET-4-12,,CANMalcolmBryson
,CAN,Florence,Dionne,F,1,0,0,33,1,0,5.7,GINET-4-12,,CANFlorenceDionne
Chris,CAN,Brittney,Dos Santos,F,2,4,282,192,0,3,9.3,GINET-4-12,Chris GINET-4-12,CANBrittneyDos Santos
Keith,CAN,Thomas,Edmonds,M,4,3,451,238,1,1,26.5,GINET-4-12,Keith GINET-4-12,CANThomasEdmonds
Anthony,CAN,Marty,Gallant,M,3,1,154,217,0,0,13.0,GINET-4-12,Anthony GINET-4-12,CANMartyGallant
,CAN,Sarah,Jacobsohn,F,0,3,86,163,0,4,-3.1,GINET-4-12,,CANSarahJacobsohn
,CAN,Lauren,Kimura,F,0,2,188,41,2,0,16.5,GINET-4-12,,CANLaurenKimura
Anthony,CAN,Mika,Kurahashi,F,0,1,95,99,1,1,6.9,GINET-4-12,Anthony GINET-4-12,CANMikaKurahashi
,CAN,Mark,Lloyd,M,2,0,57,119,1,1,7.1,GINET-4-12,,CANMarkLloyd
,CAN,Gagan,Chatha,M,1,3,305,10,2,2,15.4,GINET-4-12,,CANGaganChatha
Anthony,CAN,Quinn,Snider,M,5,1,52,331,2,2,16.2,GINET-4-12,Anthony GINET-4-12,CANQuinnSnider
Chris,CAN,Molly,Wedge,F,1,0,3,24,1,1,2.6,GINET-4-12,Chris GINET-4-12,CANMollyWedge
Ben,CHN,Xiaoyun,Gao,F,2,0,31,227,0,4,-4.6,GINET-4-12,Ben GINET-4-12,CHNXiaoyunGao
,CHN,Jiarong,Guo,M,4,2,132,375,3,1,26.5,GINET-4-12,,CHNJiarongGuo
,CHN,Xin,Li,M,3,2,314,193,0,3,9.4,GINET-4-12,,CHNXinLi
,CHN,Xue,Li,F,1,0,86,27,0,3,-4.9,GINET-4-12,,CHNXueLi
,CHN,Bo,Liu,M,3,1,287,119,0,4,3.1,GINET-4-12,,CHNBoLiu
Anthony,CHN,Quan,Mao,M,0,6,498,69,2,7,9.5,GINET-4-12,Anthony GINET-4-12,CHNQuanMao
,CHN,Xuanxuan,Wang,F,1,1,13,100,1,3,-0.6,GINET-4-12,,CHNXuanxuanWang
,CHN,Simei,Wei,F,0,3,175,144,0,4,-0.8,GINET-4-12,,CHNSimeiWei
Chris,CHN,Yingyi,Xu,M,4,2,24,301,0,3,3.7,GINET-4-12,Chris GINET-4-12,CHNYingyiXu
,CHN,Yu,Zeng,M,1,3,268,115,1,1,15.4,GINET-4-12,,CHNYuZeng
,CHN,Lu,Zhang,F,0,1,2,157,0,1,1.2,GINET-4-12,,CHNLuZhang
Keith,CHN,Ying,Zhang,F,0,0,68,-65,0,0,0.8,GINET-4-12,Keith GINET-4-12,CHNYingZhang
,CHN,Anqi,Zhou,F,2,0,-30,118,0,1,0.5,GINET-4-12,,CHNAnqiZhou
,CHN,Zhaoje,Zhou,M,1,1,71,62,0,1,2.4,GINET-4-12,,CHNZhaojeZhou
,COL,Ivan,Alba,M,1,3,185,117,1,2,9.9,GINET-4-12,,COLIvanAlba
,COL,Jorge,Bulla,M,0,5,222,81,1,2,11.3,GINET-4-12,,COLJorgeBulla
,COL,Manuel,Candamil,M,2,1,90,65,0,0,7.0,GINET-4-12,,COLManuelCandamil
,COL,Jonathan,Cantor,M,0,1,26,-29,0,0,1.2,GINET-4-12,,COLJonathanCantor
Ben,COL,Manuela,Cárdenas,F,1,2,222,87,0,1,8.4,GINET-4-12,Ben GINET-4-12,COLManuelaCárdenas
Anthony,COL,Valeria,Cárdenas,F,3,0,213,258,0,3,5.7,GINET-4-12,Anthony GINET-4-12,COLValeriaCárdenas
Keith,COL,Yina,Cartagena,F,1,3,218,219,0,1,12.0,GINET-4-12,Keith GINET-4-12,COLYinaCartagena
,COL,Juan Manuel,Cortes Amariles,M,0,0,15,67,0,0,1.8,GINET-4-12,,COLJuan ManuelCortes Amariles
,COL,Maria,Forero,F,1,1,15,62,0,0,3.7,GINET-4-12,,COLMariaForero
,COL,Ximena,Montaña,F,3,0,-1,106,1,0,9.1,GINET-4-12,,COLXimenaMontaña
,COL,Laura,Ospina,F,1,1,92,113,0,0,7.1,GINET-4-12,,COLLauraOspina
,COL,Andrés,Ramirez,M,5,2,52,154,1,0,15.7,GINET-4-12,,COLAndrésRamirez
Keith,COL,Simón,Ramírez,M,0,0,19,17,0,1,-2.1,GINET-4-12,Keith GINET-4-12,COLSimónRamírez
,COL,Maria Paula,Santos,F,2,1,56,107,0,0,6.8,GINET-4-12,,COLMaria PaulaSantos
,FRA,Gaël,Ancelin,M,1,0,232,-21,0,5,-7.4,GINET-4-12,,FRAGaëlAncelin
,FRA,Paul,Benvegnen,M,2,8,569,172,2,2,32.6,GINET-4-12,,FRAPaulBenvegnen
Chris,FRA,Camille,Blanc,F,0,0,14,52,2,1,6.4,GINET-4-12,Chris GINET-4-12,FRACamilleBlanc
Anthony,FRA,Elliot,Bonnet,M,5,2,151,439,1,2,18.4,GINET-4-12,Anthony GINET-4-12,FRAElliotBonnet
,FRA,Simone,Raulet,F,2,0,38,116,0,2,-0.5,GINET-4-12,,FRASimoneRaulet
,FRA,Lison,Bornot,F,3,1,45,278,1,2,9.0,GINET-4-12,,FRALisonBornot
,FRA,Zoë,Forget,F,2,0,45,111,0,0,5.6,GINET-4-12,,FRAZoëForget
,FRA,Tifaine,Latchy,F,0,2,105,54,1,0,10.3,GINET-4-12,,FRATifaineLatchy
,FRA,Chloé,Ollivier,F,2,0,-18,101,0,0,3.5,GINET-4-12,,FRAChloéOllivier
,FRA,Sacha,Poitte-Sokolsky,M,4,0,254,77,0,3,4.2,GINET-4-12,,FRASachaPoitte-Sokolsky
,FRA,Sullivan,Roblet,M,2,2,87,70,1,3,3.0,GINET-4-12,,FRASullivanRoblet
Chris,FRA,Simon,Ruelle,M,1,2,68,118,0,2,1.5,GINET-4-12,Chris GINET-4-12,FRASimonRuelle
Ben,FRA,Léo,Stanguennec,M,0,5,248,215,2,1,21.8,GINET-4-12,Ben GINET-4-12,FRALéoStanguennec
,FRA,Chloé,Vallet,F,0,2,77,125,0,2,0.8,GINET-4-12,,FRAChloéVallet
,GER,Jakob,Dieckmann,M,6,2,156,367,0,3,11.0,GINET-4-12,,GERJakobDieckmann
,GER,Joana,Erdmann,F,1,0,-27,130,1,2,0.8,GINET-4-12,,GERJoanaErdmann
Ben,GER,Hartley,Greenwald,M,1,2,124,90,1,2,6.6,GINET-4-12,Ben GINET-4-12,GERHartleyGreenwald
,GER,Paul,Herkens,M,3,2,144,159,6,1,33.6,GINET-4-12,,GERPaulHerkens
,GER,David,Metzger,M,4,4,387,104,2,3,20.8,GINET-4-12,,GERDavidMetzger
Chris,GER,Ava,Mueller,F,3,1,169,25,1,1,10.6,GINET-4-12,Chris GINET-4-12,GERAvaMueller
Keith,GER,Nico,Müller,M,1,7,565,106,0,1,24.2,GINET-4-12,Keith GINET-4-12,GERNicoMüller
Ben,GER,Nici,Prien,F,2,2,27,239,1,2,7.6,GINET-4-12,Ben GINET-4-12,GERNiciPrien
,GER,Charlotte,Schall,F,2,2,229,165,1,1,15.2,GINET-4-12,,GERCharlotteSchall
Ben,GER,Conrad,Schloer,M,4,11,332,447,3,1,43.0,GINET-4-12,Ben GINET-4-12,GERConradSchloer
,GER,Lisa,Schütz,F,0,2,150,88,2,2,10.3,GINET-4-12,,GERLisaSchütz
,GER,Nis-Julius,Sontag,M,1,2,164,42,0,1,5.8,GINET-4-12,,GERNis-JuliusSontag
Chris,GER,Levke,Walczak,F,10,1,86,489,1,7,6.4,GINET-4-12,Chris GINET-4-12,GERLevkeWalczak
,GER,Verena,Woloson,F,0,0,-11,69,0,1,-1.9,GINET-4-12,,GERVerenaWoloson
Ben,JPN,Taiyo,Arakawa,M,9,0,-37,367,1,0,19.2,GINET-4-12,Ben GINET-4-12,JPNTaiyoArakawa
Keith,JPN,Kanari,Imanishi,F,1,0,110,110,1,1,7.5,GINET-4-12,Keith GINET-4-12,JPNKanariImanishi
Ben,JPN,Yuko,Kashino,F,2,6,239,213,0,0,19.5,GINET-4-12,Ben GINET-4-12,JPNYukoKashino
,JPN,Masashi,Kurono,M,5,5,201,592,1,4,19.9,GINET-4-12,,JPNMasashiKurono
,JPN,Shumpei,Makiyama,M,4,4,216,225,2,2,21.0,GINET-4-12,,JPNShumpeiMakiyama
Anthony,JPN,Masahiro,Matsuno,M,0,2,311,89,0,4,1.2,GINET-4-12,Anthony GINET-4-12,JPNMasahiroMatsuno
,JPN,Hikari,Miyachi,F,0,0,0,0,0,0,0.0,GINET-4-12,,JPNHikariMiyachi
,JPN,Akifumi,Muraoka,M,1,1,167,48,1,0,12.1,GINET-4-12,,JPNAkifumiMuraoka
Chris,JPN,Sho,Okajima,M,3,4,162,198,0,4,3.9,GINET-4-12,Chris GINET-4-12,JPNShoOkajima
,JPN,Riyu,Shimizu,F,0,3,418,118,0,3,9.1,GINET-4-12,,JPNRiyuShimizu
,JPN,Ryota,Suzuki,M,1,2,515,-33,0,3,8.9,GINET-4-12,,JPNRyotaSuzuki
,JPN,Miwa,Tajima,F,1,0,6,20,0,0,1.6,GINET-4-12,,JPNMiwaTajima
,JPN,Mayuka,Takada,F,3,3,240,436,0,3,13.0,GINET-4-12,,JPNMayukaTakada
,JPN,Sayako,Nemoto,F,0,0,-31,45,1,0,4.0,GINET-4-12,,JPNSayakoNemoto
Chris,USA,Marques,Brownlee,M,3,2,359,43,1,4,8.8,GINET-4-12,Chris GINET-4-12,USAMarquesBrownlee
Anthony,USA,Claire,Chastain,F,0,1,89,90,1,3,0.5,GINET-4-12,Anthony GINET-4-12,USAClaireChastain
Anthony,USA,Dawn,Culton,F,3,1,73,151,0,0,9.2,GINET-4-12,Anthony GINET-4-12,USADawnCulton
,USA,Carolyn,Finney,F,2,3,253,241,1,0,21.5,GINET-4-12,,USACarolynFinney
Keith,USA,Dylan,Freechild,M,1,5,475,-3,2,3,19.3,GINET-4-12,Keith GINET-4-12,USADylanFreechild
Ben,USA,Kami,Groom,F,3,2,22,210,0,0,9.9,GINET-4-12,Ben GINET-4-12,USAKamiGroom
Chris,USA,Raphy,Hayes,M,4,3,129,450,2,5,12.9,GINET-4-12,Chris GINET-4-12,USARaphyHayes
Chris,USA,Kaela,Helton,F,2,2,107,169,1,0,14.6,GINET-4-12,Chris GINET-4-12,USAKaelaHelton
Ben,USA,Henry,Ing,M,4,3,110,386,0,1,15.0,GINET-4-12,Ben GINET-4-12,USAHenryIng
Anthony,USA,Michael,Ing,M,5,3,256,202,5,3,30.8,GINET-4-12,Anthony GINET-4-12,USAMichaelIng
Anthony,USA,Chris,Kocher,M,1,3,316,94,1,0,19.5,GINET-4-12,Anthony GINET-4-12,USAChrisKocher
,USA,Grant,Lindsley,M,2,6,283,206,0,0,20.7,GINET-4-12,,USAGrantLindsley
Ben,USA,Anna,Thompson,F,2,5,225,254,2,1,23.9,GINET-4-12,Ben GINET-4-12,USAAnnaThompson
Keith,USA,Claire,Trop,F,7,0,38,252,1,1,14.2,GINET-4-12,Keith GINET-4-12,USAClaireTrop
Keith,AUS,Rob,Andrews,M,3,4,266,337,3,3,24.8,DEEP-4-10,Keith DEEP-4-10,AUSRobAndrews
,AUS,James,Bray,M,0,0,18,20,0,0,0.9,DEEP-4-10,,AUSJamesBray
,AUS,Olivia,Carr,F,3,0,0,58,0,1,1.2,DEEP-4-10,,AUSOliviaCarr
,AUS,Bill,Foreman,M,2,1,190,113,1,1,12.1,DEEP-4-10,,AUSBillForeman
Charlie,AUS,Alex,Gan,M,1,0,293,111,0,7,-8.9,DEEP-4-10,Charlie DEEP-4-10,AUSAlexGan
,AUS,Jonathan,Keys,M,2,7,387,196,0,4,12.6,DEEP-4-10,,AUSJonathanKeys
,AUS,Alex,Ladomatos,M,0,2,204,103,0,2,4.3,DEEP-4-10,,AUSAlexLadomatos
Keith,AUS,Sam,McGuckin,M,4,3,110,301,0,2,10.3,DEEP-4-10,Keith DEEP-4-10,AUSSamMcGuckin
,AUS,Lyra,Meehan,F,0,1,15,9,0,0,1.7,DEEP-4-10,,AUSLyraMeehan
Keith,AUS,Cat,Phillips,F,1,4,240,379,2,2,21.9,DEEP-4-10,Keith DEEP-4-10,AUSCatPhillips
,AUS,Angela,Pidgeon,F,3,1,19,91,1,0,10.4,DEEP-4-10,,AUSAngelaPidgeon
,AUS,Alexandra,Prentice,F,1,0,324,137,0,3,4.5,DEEP-4-10,,AUSAlexandraPrentice
Charlie,AUS,Kya,Wiya,F,4,2,41,250,0,2,6.2,DEEP-4-10,Charlie DEEP-4-10,AUSKyaWiya
,AUS,Georgia,Egan-Griffiths,F,1,0,32,36,0,0,2.7,DEEP-4-10,,AUSGeorgiaEgan-Griffiths
Charlie,CAN,Malik,Auger-Semmar,M,4,3,174,257,0,0,17.4,DEEP-4-10,Charlie DEEP-4-10,CANMalikAuger-Semmar
Keith,CAN,Anouchka,Beaudry,F,3,2,51,172,0,1,6.9,DEEP-4-10,Keith DEEP-4-10,CANAnouchkaBeaudry
,CAN,Malcolm,Bryson,M,0,2,95,98,2,1,11.9,DEEP-4-10,,CANMalcolmBryson
,CAN,Florence,Dionne,F,1,0,0,33,1,0,5.7,DEEP-4-10,,CANFlorenceDionne
Subs,CAN,Brittney,Dos Santos,F,2,4,282,192,0,3,9.3,DEEP-4-10,Subs DEEP-4-10,CANBrittneyDos Santos
Keith,CAN,Thomas,Edmonds,M,4,3,451,238,1,1,26.5,DEEP-4-10,Keith DEEP-4-10,CANThomasEdmonds
,CAN,Marty,Gallant,M,3,1,154,217,0,0,13.0,DEEP-4-10,,CANMartyGallant
Charlie,CAN,Sarah,Jacobsohn,F,0,3,86,163,0,4,-3.1,DEEP-4-10,Charlie DEEP-4-10,CANSarahJacobsohn
,CAN,Lauren,Kimura,F,0,2,188,41,2,0,16.5,DEEP-4-10,,CANLaurenKimura
Subs,CAN,Mika,Kurahashi,F,0,1,95,99,1,1,6.9,DEEP-4-10,Subs DEEP-4-10,CANMikaKurahashi
,CAN,Mark,Lloyd,M,2,0,57,119,1,1,7.1,DEEP-4-10,,CANMarkLloyd
,CAN,Gagan,Chatha,M,1,3,305,10,2,2,15.4,DEEP-4-10,,CANGaganChatha
,CAN,Quinn,Snider,M,5,1,52,331,2,2,16.2,DEEP-4-10,,CANQuinnSnider
,CAN,Molly,Wedge,F,1,0,3,24,1,1,2.6,DEEP-4-10,,CANMollyWedge
,CHN,Xiaoyun,Gao,F,2,0,31,227,0,4,-4.6,DEEP-4-10,,CHNXiaoyunGao
,CHN,Jiarong,Guo,M,4,2,132,375,3,1,26.5,DEEP-4-10,,CHNJiarongGuo
,CHN,Xin,Li,M,3,2,314,193,0,3,9.4,DEEP-4-10,,CHNXinLi
,CHN,Xue,Li,F,1,0,86,27,0,3,-4.9,DEEP-4-10,,CHNXueLi
,CHN,Bo,Liu,M,3,1,287,119,0,4,3.1,DEEP-4-10,,CHNBoLiu
Subs,CHN,Quan,Mao,M,0,6,498,69,2,7,9.5,DEEP-4-10,Subs DEEP-4-10,CHNQuanMao
,CHN,Xuanxuan,Wang,F,1,1,13,100,1,3,-0.6,DEEP-4-10,,CHNXuanxuanWang
,CHN,Simei,Wei,F,0,3,175,144,0,4,-0.8,DEEP-4-10,,CHNSimeiWei
,CHN,Yingyi,Xu,M,4,2,24,301,0,3,3.7,DEEP-4-10,,CHNYingyiXu
,CHN,Yu,Zeng,M,1,3,268,115,1,1,15.4,DEEP-4-10,,CHNYuZeng
,CHN,Lu,Zhang,F,0,1,2,157,0,1,1.2,DEEP-4-10,,CHNLuZhang
,CHN,Ying,Zhang,F,0,0,68,-65,0,0,0.8,DEEP-4-10,,CHNYingZhang
,CHN,Anqi,Zhou,F,2,0,-30,118,0,1,0.5,DEEP-4-10,,CHNAnqiZhou
,CHN,Zhaoje,Zhou,M,1,1,71,62,0,1,2.4,DEEP-4-10,,CHNZhaojeZhou
,COL,Ivan,Alba,M,1,3,185,117,1,2,9.9,DEEP-4-10,,COLIvanAlba
,COL,Jorge,Bulla,M,0,5,222,81,1,2,11.3,DEEP-4-10,,COLJorgeBulla
,COL,Manuel,Candamil,M,2,1,90,65,0,0,7.0,DEEP-4-10,,COLManuelCandamil
Subs,COL,Jonathan,Cantor,M,0,1,26,-29,0,0,1.2,DEEP-4-10,Subs DEEP-4-10,COLJonathanCantor
Subs,COL,Manuela,Cárdenas,F,1,2,222,87,0,1,8.4,DEEP-4-10,Subs DEEP-4-10,COLManuelaCárdenas
Charlie,COL,Valeria,Cárdenas,F,3,0,213,258,0,3,5.7,DEEP-4-10,Charlie DEEP-4-10,COLValeriaCárdenas
Daniel,COL,Yina,Cartagena,F,1,3,218,219,0,1,12.0,DEEP-4-10,Daniel DEEP-4-10,COLYinaCartagena
,COL,Juan Manuel,Cortes Amariles,M,0,0,15,67,0,0,1.8,DEEP-4-10,,COLJuan ManuelCortes Amariles
,COL,Maria,Forero,F,1,1,15,62,0,0,3.7,DEEP-4-10,,COLMariaForero
,COL,Ximena,Montaña,F,3,0,-1,106,1,0,9.1,DEEP-4-10,,COLXimenaMontaña
,COL,Laura,Ospina,F,1,1,92,113,0,0,7.1,DEEP-4-10,,COLLauraOspina
Keith,COL,Andrés,Ramirez,M,5,2,52,154,1,0,15.7,DEEP-4-10,Keith DEEP-4-10,COLAndrésRamirez
,COL,Simón,Ramírez,M,0,0,19,17,0,1,-2.1,DEEP-4-10,,COLSimónRamírez
Charlie,COL,Maria Paula,Santos,F,2,1,56,107,0,0,6.8,DEEP-4-10,Charlie DEEP-4-10,COLMaria PaulaSantos
Daniel,FRA,Gaël,Ancelin,M,1,0,232,-21,0,5,-7.4,DEEP-4-10,Daniel DEEP-4-10,FRAGaëlAncelin
,FRA,Paul,Benvegnen,M,2,8,569,172,2,2,32.6,DEEP-4-10,,FRAPaulBenvegnen
,FRA,Camille,Blanc,F,0,0,14,52,2,1,6.4,DEEP-4-10,,FRACamilleBlanc
Subs,FRA,Elliot,Bonnet,M,5,2,151,439,1,2,18.4,DEEP-4-10,Subs DEEP-4-10,FRAElliotBonnet
,FRA,Simone,Raulet,F,2,0,38,116,0,2,-0.5,DEEP-4-10,,FRASimoneRaulet
,FRA,Lison,Bornot,F,3,1,45,278,1,2,9.0,DEEP-4-10,,FRALisonBornot
,FRA,Zoë,Forget,F,2,0,45,111,0,0,5.6,DEEP-4-10,,FRAZoëForget
,FRA,Tifaine,Latchy,F,0,2,105,54,1,0,10.3,DEEP-4-10,,FRATifaineLatchy
,FRA,Chloé,Ollivier,F,2,0,-18,101,0,0,3.5,DEEP-4-10,,FRAChloéOllivier
,FRA,Sacha,Poitte-Sokolsky,M,4,0,254,77,0,3,4.2,DEEP-4-10,,FRASachaPoitte-Sokolsky
Daniel,FRA,Sullivan,Roblet,M,2,2,87,70,1,3,3.0,DEEP-4-10,Daniel DEEP-4-10,FRASullivanRoblet
,FRA,Simon,Ruelle,M,1,2,68,118,0,2,1.5,DEEP-4-10,,FRASimonRuelle
,FRA,Léo,Stanguennec,M,0,5,248,215,2,1,21.8,DEEP-4-10,,FRALéoStanguennec
Daniel,FRA,Chloé,Vallet,F,0,2,77,125,0,2,0.8,DEEP-4-10,Daniel DEEP-4-10,FRAChloéVallet
,GER,Jakob,Dieckmann,M,6,2,156,367,0,3,11.0,DEEP-4-10,,GERJakobDieckmann
,GER,Joana,Erdmann,F,1,0,-27,130,1,2,0.8,DEEP-4-10,,GERJoanaErdmann
Daniel,GER,Hartley,Greenwald,M,1,2,124,90,1,2,6.6,DEEP-4-10,Daniel DEEP-4-10,GERHartleyGreenwald
,GER,Paul,Herkens,M,3,2,144,159,6,1,33.6,DEEP-4-10,,GERPaulHerkens
,GER,David,Metzger,M,4,4,387,104,2,3,20.8,DEEP-4-10,,GERDavidMetzger
,GER,Ava,Mueller,F,3,1,169,25,1,1,10.6,DEEP-4-10,,GERAvaMueller
Subs,GER,Nico,Müller,M,1,7,565,106,0,1,24.2,DEEP-4-10,Subs DEEP-4-10,GERNicoMüller
Keith,GER,Nici,Prien,F,2,2,27,239,1,2,7.6,DEEP-4-10,Keith DEEP-4-10,GERNiciPrien
Charlie,GER,Charlotte,Schall,F,2,2,229,165,1,1,15.2,DEEP-4-10,Charlie DEEP-4-10,GERCharlotteSchall
Charlie,GER,Conrad,Schloer,M,4,11,332,447,3,1,43.0,DEEP-4-10,Charlie DEEP-4-10,GERConradSchloer
,GER,Lisa,Schütz,F,0,2,150,88,2,2,10.3,DEEP-4-10,,GERLisaSchütz
,GER,Nis-Julius,Sontag,M,1,2,164,42,0,1,5.8,DEEP-4-10,,GERNis-JuliusSontag
Keith,GER,Levke,Walczak,F,10,1,86,489,1,7,6.4,DEEP-4-10,Keith DEEP-4-10,GERLevkeWalczak
,GER,Verena,Woloson,F,0,0,-11,69,0,1,-1.9,DEEP-4-10,,GERVerenaWoloson
Daniel,JPN,Taiyo,Arakawa,M,9,0,-37,367,1,0,19.2,DEEP-4-10,Daniel DEEP-4-10,JPNTaiyoArakawa
Keith,JPN,Kanari,Imanishi,F,1,0,110,110,1,1,7.5,DEEP-4-10,Keith DEEP-4-10,JPNKanariImanishi
Daniel,JPN,Yuko,Kashino,F,2,6,239,213,0,0,19.5,DEEP-4-10,Daniel DEEP-4-10,JPNYukoKashino
,JPN,Masashi,Kurono,M,5,5,201,592,1,4,19.9,DEEP-4-10,,JPNMasashiKurono
,JPN,Shumpei,Makiyama,M,4,4,216,225,2,2,21.0,DEEP-4-10,,JPNShumpeiMakiyama
,JPN,Masahiro,Matsuno,M,0,2,311,89,0,4,1.2,DEEP-4-10,,JPNMasahiroMatsuno
,JPN,Hikari,Miyachi,F,0,0,0,0,0,0,0.0,DEEP-4-10,,JPNHikariMiyachi
,JPN,Akifumi,Muraoka,M,1,1,167,48,1,0,12.1,DEEP-4-10,,JPNAkifumiMuraoka
Subs,JPN,Sho,Okajima,M,3,4,162,198,0,4,3.9,DEEP-4-10,Subs DEEP-4-10,JPNShoOkajima
,JPN,Riyu,Shimizu,F,0,3,418,118,0,3,9.1,DEEP-4-10,,JPNRiyuShimizu
,JPN,Ryota,Suzuki,M,1,2,515,-33,0,3,8.9,DEEP-4-10,,JPNRyotaSuzuki
,JPN,Miwa,Tajima,F,1,0,6,20,0,0,1.6,DEEP-4-10,,JPNMiwaTajima
,JPN,Mayuka,Takada,F,3,3,240,436,0,3,13.0,DEEP-4-10,,JPNMayukaTakada
,JPN,Sayako,Nemoto,F,0,0,-31,45,1,0,4.0,DEEP-4-10,,JPNSayakoNemoto
Charlie,USA,Marques,Brownlee,M,3,2,359,43,1,4,8.8,DEEP-4-10,Charlie DEEP-4-10,USAMarquesBrownlee
,USA,Claire,Chastain,F,0,1,89,90,1,3,0.5,DEEP-4-10,,USAClaireChastain
,USA,Dawn,Culton,F,3,1,73,151,0,0,9.2,DEEP-4-10,,USADawnCulton
,USA,Carolyn,Finney,F,2,3,253,241,1,0,21.5,DEEP-4-10,,USACarolynFinney
,USA,Dylan,Freechild,M,1,5,475,-3,2,3,19.3,DEEP-4-10,,USADylanFreechild
Daniel,USA,Kami,Groom,F,3,2,22,210,0,0,9.9,DEEP-4-10,Daniel DEEP-4-10,USAKamiGroom
Keith,USA,Raphy,Hayes,M,4,3,129,450,2,5,12.9,DEEP-4-10,Keith DEEP-4-10,USARaphyHayes
Subs,USA,Kaela,Helton,F,2,2,107,169,1,0,14.6,DEEP-4-10,Subs DEEP-4-10,USAKaelaHelton
Charlie,USA,Henry,Ing,M,4,3,110,386,0,1,15.0,DEEP-4-10,Charlie DEEP-4-10,USAHenryIng
Daniel,USA,Michael,Ing,M,5,3,256,202,5,3,30.8,DEEP-4-10,Daniel DEEP-4-10,USAMichaelIng
,USA,Chris,Kocher,M,1,3,316,94,1,0,19.5,DEEP-4-10,,USAChrisKocher
,USA,Grant,Lindsley,M,2,6,283,206,0,0,20.7,DEEP-4-10,,USAGrantLindsley
Subs,USA,Anna,Thompson,F,2,5,225,254,2,1,23.9,DEEP-4-10,Subs DEEP-4-10,USAAnnaThompson
Daniel,USA,Claire,Trop,F,7,0,38,252,1,1,14.2,DEEP-4-10,Daniel DEEP-4-10,USAClaireTrop
Soap,AUS,Rob,Andrews,M,3,4,266,337,3,3,24.8,SOAP-5-10,Soap SOAP-5-10,AUSRobAndrews
,AUS,James,Bray,M,0,0,18,20,0,0,0.9,SOAP-5-10,,AUSJamesBray
,AUS,Olivia,Carr,F,3,0,0,58,0,1,1.2,SOAP-5-10,,AUSOliviaCarr
,AUS,Bill,Foreman,M,2,1,190,113,1,1,12.1,SOAP-5-10,,AUSBillForeman
Anaximander,AUS,Alex,Gan,M,1,0,293,111,0,7,-8.9,SOAP-5-10,Anaximander SOAP-5-10,AUSAlexGan
,AUS,Jonathan,Keys,M,2,7,387,196,0,4,12.6,SOAP-5-10,,AUSJonathanKeys
,AUS,Alex,Ladomatos,M,0,2,204,103,0,2,4.3,SOAP-5-10,,AUSAlexLadomatos
Keith,AUS,Sam,McGuckin,M,4,3,110,301,0,2,10.3,SOAP-5-10,Keith SOAP-5-10,AUSSamMcGuckin
,AUS,Lyra,Meehan,F,0,1,15,9,0,0,1.7,SOAP-5-10,,AUSLyraMeehan
Basket,AUS,Cat,Phillips,F,1,4,240,379,2,2,21.9,SOAP-5-10,Basket SOAP-5-10,AUSCatPhillips
,AUS,Angela,Pidgeon,F,3,1,19,91,1,0,10.4,SOAP-5-10,,AUSAngelaPidgeon
,AUS,Alexandra,Prentice,F,1,0,324,137,0,3,4.5,SOAP-5-10,,AUSAlexandraPrentice
Anaximander,AUS,Kya,Wiya,F,4,2,41,250,0,2,6.2,SOAP-5-10,Anaximander SOAP-5-10,AUSKyaWiya
,AUS,Georgia,Egan-Griffiths,F,1,0,32,36,0,0,2.7,SOAP-5-10,,AUSGeorgiaEgan-Griffiths
Keith,CAN,Malik,Auger-Semmar,M,4,3,174,257,0,0,17.4,SOAP-5-10,Keith SOAP-5-10,CANMalikAuger-Semmar
Soap,CAN,Anouchka,Beaudry,F,3,2,51,172,0,1,6.9,SOAP-5-10,Soap SOAP-5-10,CANAnouchkaBeaudry
TJL,CAN,Malcolm,Bryson,M,0,2,95,98,2,1,11.9,SOAP-5-10,TJL SOAP-5-10,CANMalcolmBryson
,CAN,Florence,Dionne,F,1,0,0,33,1,0,5.7,SOAP-5-10,,CANFlorenceDionne
Keith,CAN,Brittney,Dos Santos,F,2,4,282,192,0,3,9.3,SOAP-5-10,Keith SOAP-5-10,CANBrittneyDos Santos
Anaximander,CAN,Thomas,Edmonds,M,4,3,451,238,1,1,26.5,SOAP-5-10,Anaximander SOAP-5-10,CANThomasEdmonds
,CAN,Marty,Gallant,M,3,1,154,217,0,0,13.0,SOAP-5-10,,CANMartyGallant
Basket,CAN,Sarah,Jacobsohn,F,0,3,86,163,0,4,-3.1,SOAP-5-10,Basket SOAP-5-10,CANSarahJacobsohn
,CAN,Lauren,Kimura,F,0,2,188,41,2,0,16.5,SOAP-5-10,,CANLaurenKimura
TJL,CAN,Mika,Kurahashi,F,0,1,95,99,1,1,6.9,SOAP-5-10,TJL SOAP-5-10,CANMikaKurahashi
,CAN,Mark,Lloyd,M,2,0,57,119,1,1,7.1,SOAP-5-10,,CANMarkLloyd
,CAN,Gagan,Chatha,M,1,3,305,10,2,2,15.4,SOAP-5-10,,CANGaganChatha
Keith,CAN,Quinn,Snider,M,5,1,52,331,2,2,16.2,SOAP-5-10,Keith SOAP-5-10,CANQuinnSnider
,CAN,Molly,Wedge,F,1,0,3,24,1,1,2.6,SOAP-5-10,,CANMollyWedge
,CHN,Xiaoyun,Gao,F,2,0,31,227,0,4,-4.6,SOAP-5-10,,CHNXiaoyunGao
,CHN,Jiarong,Guo,M,4,2,132,375,3,1,26.5,SOAP-5-10,,CHNJiarongGuo
,CHN,Xin,Li,M,3,2,314,193,0,3,9.4,SOAP-5-10,,CHNXinLi
,CHN,Xue,Li,F,1,0,86,27,0,3,-4.9,SOAP-5-10,,CHNXueLi
,CHN,Bo,Liu,M,3,1,287,119,0,4,3.1,SOAP-5-10,,CHNBoLiu
Basket,CHN,Quan,Mao,M,0,6,498,69,2,7,9.5,SOAP-5-10,Basket SOAP-5-10,CHNQuanMao
,CHN,Xuanxuan,Wang,F,1,1,13,100,1,3,-0.6,SOAP-5-10,,CHNXuanxuanWang
,CHN,Simei,Wei,F,0,3,175,144,0,4,-0.8,SOAP-5-10,,CHNSimeiWei
,CHN,Yingyi,Xu,M,4,2,24,301,0,3,3.7,SOAP-5-10,,CHNYingyiXu
,CHN,Yu,Zeng,M,1,3,268,115,1,1,15.4,SOAP-5-10,,CHNYuZeng
,CHN,Lu,Zhang,F,0,1,2,157,0,1,1.2,SOAP-5-10,,CHNLuZhang
,CHN,Ying,Zhang,F,0,0,68,-65,0,0,0.8,SOAP-5-10,,CHNYingZhang
,CHN,Anqi,Zhou,F,2,0,-30,118,0,1,0.5,SOAP-5-10,,CHNAnqiZhou
,CHN,Zhaoje,Zhou,M,1,1,71,62,0,1,2.4,SOAP-5-10,,CHNZhaojeZhou
,COL,Ivan,Alba,M,1,3,185,117,1,2,9.9,SOAP-5-10,,COLIvanAlba
,COL,Jorge,Bulla,M,0,5,222,81,1,2,11.3,SOAP-5-10,,COLJorgeBulla
,COL,Manuel,Candamil,M,2,1,90,65,0,0,7.0,SOAP-5-10,,COLManuelCandamil
Basket,COL,Jonathan,Cantor,M,0,1,26,-29,0,0,1.2,SOAP-5-10,Basket SOAP-5-10,COLJonathanCantor
Basket,COL,Manuela,Cárdenas,F,1,2,222,87,0,1,8.4,SOAP-5-10,Basket SOAP-5-10,COLManuelaCárdenas
Keith,COL,Valeria,Cárdenas,F,3,0,213,258,0,3,5.7,SOAP-5-10,Keith SOAP-5-10,COLValeriaCárdenas
Soap,COL,Yina,Cartagena,F,1,3,218,219,0,1,12.0,SOAP-5-10,Soap SOAP-5-10,COLYinaCartagena
,COL,Juan Manuel,Cortes Amariles,M,0,0,15,67,0,0,1.8,SOAP-5-10,,COLJuan ManuelCortes Amariles
,COL,Maria,Forero,F,1,1,15,62,0,0,3.7,SOAP-5-10,,COLMariaForero
,COL,Ximena,Montaña,F,3,0,-1,106,1,0,9.1,SOAP-5-10,,COLXimenaMontaña
,COL,Laura,Ospina,F,1,1,92,113,0,0,7.1,SOAP-5-10,,COLLauraOspina
Soap,COL,Andrés,Ramirez,M,5,2,52,154,1,0,15.7,SOAP-5-10,Soap SOAP-5-10,COLAndrésRamirez
,COL,Simón,Ramírez,M,0,0,19,17,0,1,-2.1,SOAP-5-10,,COLSimónRamírez
Basket,COL,Maria Paula,Santos,F,2,1,56,107,0,0,6.8,SOAP-5-10,Basket SOAP-5-10,COLMaria PaulaSantos
Anaximander,FRA,Gaël,Ancelin,M,1,0,232,-21,0,5,-7.4,SOAP-5-10,Anaximander SOAP-5-10,FRAGaëlAncelin
,FRA,Paul,Benvegnen,M,2,8,569,172,2,2,32.6,SOAP-5-10,,FRAPaulBenvegnen
TJL,FRA,Camille,Blanc,F,0,0,14,52,2,1,6.4,SOAP-5-10,TJL SOAP-5-10,FRACamilleBlanc
TJL,FRA,Elliot,Bonnet,M,5,2,151,439,1,2,18.4,SOAP-5-10,TJL SOAP-5-10,FRAElliotBonnet
,FRA,Simone,Raulet,F,2,0,38,116,0,2,-0.5,SOAP-5-10,,FRASimoneRaulet
,FRA,Lison,Bornot,F,3,1,45,278,1,2,9.0,SOAP-5-10,,FRALisonBornot
Anaximander,FRA,Zoë,Forget,F,2,0,45,111,0,0,5.6,SOAP-5-10,Anaximander SOAP-5-10,FRAZoëForget
,FRA,Tifaine,Latchy,F,0,2,105,54,1,0,10.3,SOAP-5-10,,FRATifaineLatchy
,FRA,Chloé,Ollivier,F,2,0,-18,101,0,0,3.5,SOAP-5-10,,FRAChloéOllivier
Soap,FRA,Sacha,Poitte-Sokolsky,M,4,0,254,77,0,3,4.2,SOAP-5-10,Soap SOAP-5-10,FRASachaPoitte-Sokolsky
,FRA,Sullivan,Roblet,M,2,2,87,70,1,3,3.0,SOAP-5-10,,FRASullivanRoblet
,FRA,Simon,Ruelle,M,1,2,68,118,0,2,1.5,SOAP-5-10,,FRASimonRuelle
,FRA,Léo,Stanguennec,M,0,5,248,215,2,1,21.8,SOAP-5-10,,FRALéoStanguennec
Basket,FRA,Chloé,Vallet,F,0,2,77,125,0,2,0.8,SOAP-5-10,Basket SOAP-5-10,FRAChloéVallet
Anaximander,GER,Jakob,Dieckmann,M,6,2,156,367,0,3,11.0,SOAP-5-10,Anaximander SOAP-5-10,GERJakobDieckmann
,GER,Joana,Erdmann,F,1,0,-27,130,1,2,0.8,SOAP-5-10,,GERJoanaErdmann
,GER,Hartley,Greenwald,M,1,2,124,90,1,2,6.6,SOAP-5-10,,GERHartleyGreenwald
,GER,Paul,Herkens,M,3,2,144,159,6,1,33.6,SOAP-5-10,,GERPaulHerkens
,GER,David,Metzger,M,4,4,387,104,2,3,20.8,SOAP-5-10,,GERDavidMetzger
,GER,Ava,Mueller,F,3,1,169,25,1,1,10.6,SOAP-5-10,,GERAvaMueller
Basket,GER,Nico,Müller,M,1,7,565,106,0,1,24.2,SOAP-5-10,Basket SOAP-5-10,GERNicoMüller
Anaximander,GER,Nici,Prien,F,2,2,27,239,1,2,7.6,SOAP-5-10,Anaximander SOAP-5-10,GERNiciPrien
,GER,Charlotte,Schall,F,2,2,229,165,1,1,15.2,SOAP-5-10,,GERCharlotteSchall
Keith,GER,Conrad,Schloer,M,4,11,332,447,3,1,43.0,SOAP-5-10,Keith SOAP-5-10,GERConradSchloer
TJL,GER,Lisa,Schütz,F,0,2,150,88,2,2,10.3,SOAP-5-10,TJL SOAP-5-10,GERLisaSchütz
,GER,Nis-Julius,Sontag,M,1,2,164,42,0,1,5.8,SOAP-5-10,,GERNis-JuliusSontag
Soap,GER,Levke,Walczak,F,10,1,86,489,1,7,6.4,SOAP-5-10,Soap SOAP-5-10,GERLevkeWalczak
Anaximander,GER,Verena,Woloson,F,0,0,-11,69,0,1,-1.9,SOAP-5-10,Anaximander SOAP-5-10,GERVerenaWoloson
TJL,JPN,Taiyo,Arakawa,M,9,0,-37,367,1,0,19.2,SOAP-5-10,TJL SOAP-5-10,JPNTaiyoArakawa
Keith,JPN,Kanari,Imanishi,F,1,0,110,110,1,1,7.5,SOAP-5-10,Keith SOAP-5-10,JPNKanariImanishi
Anaximander,JPN,Yuko,Kashino,F,2,6,239,213,0,0,19.5,SOAP-5-10,Anaximander SOAP-5-10,JPNYukoKashino
,JPN,Masashi,Kurono,M,5,5,201,592,1,4,19.9,SOAP-5-10,,JPNMasashiKurono
,JPN,Shumpei,Makiyama,M,4,4,216,225,2,2,21.0,SOAP-5-10,,JPNShumpeiMakiyama
,JPN,Masahiro,Matsuno,M,0,2,311,89,0,4,1.2,SOAP-5-10,,JPNMasahiroMatsuno
,JPN,Hikari,Miyachi,F,0,0,0,0,0,0,0.0,SOAP-5-10,,JPNHikariMiyachi
Soap,JPN,Akifumi,Muraoka,M,1,1,167,48,1,0,12.1,SOAP-5-10,Soap SOAP-5-10,JPNAkifumiMuraoka
Basket,JPN,Sho,Okajima,M,3,4,162,198,0,4,3.9,SOAP-5-10,Basket SOAP-5-10,JPNShoOkajima
,JPN,Riyu,Shimizu,F,0,3,418,118,0,3,9.1,SOAP-5-10,,JPNRiyuShimizu
,JPN,Ryota,Suzuki,M,1,2,515,-33,0,3,8.9,SOAP-5-10,,JPNRyotaSuzuki
,JPN,Miwa,Tajima,F,1,0,6,20,0,0,1.6,SOAP-5-10,,JPNMiwaTajima
,JPN,Mayuka,Takada,F,3,3,240,436,0,3,13.0,SOAP-5-10,,JPNMayukaTakada
,JPN,Sayako,Nemoto,F,0,0,-31,45,1,0,4.0,SOAP-5-10,,JPNSayakoNemoto
Soap,USA,Marques,Brownlee,M,3,2,359,43,1,4,8.8,SOAP-5-10,Soap SOAP-5-10,USAMarquesBrownlee
,USA,Claire,Chastain,F,0,1,89,90,1,3,0.5,SOAP-5-10,,USAClaireChastain
Soap,USA,Dawn,Culton,F,3,1,73,151,0,0,9.2,SOAP-5-10,Soap SOAP-5-10,USADawnCulton
TJL,USA,Carolyn,Finney,F,2,3,253,241,1,0,21.5,SOAP-5-10,TJL SOAP-5-10,USACarolynFinney
Anaximander,USA,Dylan,Freechild,M,1,5,475,-3,2,3,19.3,SOAP-5-10,Anaximander SOAP-5-10,USADylanFreechild
Keith,USA,Kami,Groom,F,3,2,22,210,0,0,9.9,SOAP-5-10,Keith SOAP-5-10,USAKamiGroom
Basket,USA,Raphy,Hayes,M,4,3,129,450,2,5,12.9,SOAP-5-10,Basket SOAP-5-10,USARaphyHayes
Soap,USA,Kaela,Helton,F,2,2,107,169,1,0,14.6,SOAP-5-10,Soap SOAP-5-10,USAKaelaHelton
Keith,USA,Henry,Ing,M,4,3,110,386,0,1,15.0,SOAP-5-10,Keith SOAP-5-10,USAHenryIng
TJL,USA,Michael,Ing,M,5,3,256,202,5,3,30.8,SOAP-5-10,TJL SOAP-5-10,USAMichaelIng
TJL,USA,Chris,Kocher,M,1,3,316,94,1,0,19.5,SOAP-5-10,TJL SOAP-5-10,USAChrisKocher
,USA,Grant,Lindsley,M,2,6,283,206,0,0,20.7,SOAP-5-10,,USAGrantLindsley
TJL,USA,Anna,Thompson,F,2,5,225,254,2,1,23.9,SOAP-5-10,TJL SOAP-5-10,USAAnnaThompson
Keith,USA,Claire,Trop,F,7,0,38,252,1,1,14.2,SOAP-5-10,Keith SOAP-5-10,USAClaireTrop
Keith,AUS,Rob,Andrews,M,3,4,266,337,3,3,24.8,POD-5-8,Keith POD-5-8,AUSRobAndrews
,AUS,James,Bray,M,0,0,18,20,0,0,0.9,POD-5-8,,AUSJamesBray
,AUS,Olivia,Carr,F,3,0,0,58,0,1,1.2,POD-5-8,,AUSOliviaCarr
,AUS,Bill,Foreman,M,2,1,190,113,1,1,12.1,POD-5-8,,AUSBillForeman
Quinn,AUS,Alex,Gan,M,1,0,293,111,0,7,-8.9,POD-5-8,Quinn POD-5-8,AUSAlexGan
,AUS,Jonathan,Keys,M,2,7,387,196,0,4,12.6,POD-5-8,,AUSJonathanKeys
Devynn,AUS,Alex,Ladomatos,M,0,2,204,103,0,2,4.3,POD-5-8,Devynn POD-5-8,AUSAlexLadomatos
Keith,AUS,Sam,McGuckin,M,4,3,110,301,0,2,10.3,POD-5-8,Keith POD-5-8,AUSSamMcGuckin
,AUS,Lyra,Meehan,F,0,1,15,9,0,0,1.7,POD-5-8,,AUSLyraMeehan
Quinn,AUS,Cat,Phillips,F,1,4,240,379,2,2,21.9,POD-5-8,Quinn POD-5-8,AUSCatPhillips
,AUS,Angela,Pidgeon,F,3,1,19,91,1,0,10.4,POD-5-8,,AUSAngelaPidgeon
,AUS,Alexandra,Prentice,F,1,0,324,137,0,3,4.5,POD-5-8,,AUSAlexandraPrentice
Devynn,AUS,Kya,Wiya,F,4,2,41,250,0,2,6.2,POD-5-8,Devynn POD-5-8,AUSKyaWiya
,AUS,Georgia,Egan-Griffiths,F,1,0,32,36,0,0,2.7,POD-5-8,,AUSGeorgiaEgan-Griffiths
Keith,CAN,Malik,Auger-Semmar,M,4,3,174,257,0,0,17.4,POD-5-8,Keith POD-5-8,CANMalikAuger-Semmar
Devynn,CAN,Anouchka,Beaudry,F,3,2,51,172,0,1,6.9,POD-5-8,Devynn POD-5-8,CANAnouchkaBeaudry
,CAN,Malcolm,Bryson,M,0,2,95,98,2,1,11.9,POD-5-8,,CANMalcolmBryson
,CAN,Florence,Dionne,F,1,0,0,33,1,0,5.7,POD-5-8,,CANFlorenceDionne
Mikey,CAN,Brittney,Dos Santos,F,2,4,282,192,0,3,9.3,POD-5-8,Mikey POD-5-8,CANBrittneyDos Santos
Quinn,CAN,Thomas,Edmonds,M,4,3,451,238,1,1,26.5,POD-5-8,Quinn POD-5-8,CANThomasEdmonds
Devynn,CAN,Marty,Gallant,M,3,1,154,217,0,0,13.0,POD-5-8,Devynn POD-5-8,CANMartyGallant
,CAN,Sarah,Jacobsohn,F,0,3,86,163,0,4,-3.1,POD-5-8,,CANSarahJacobsohn
Keith,CAN,Lauren,Kimura,F,0,2,188,41,2,0,16.5,POD-5-8,Keith POD-5-8,CANLaurenKimura
Mikey,CAN,Mika,Kurahashi,F,0,1,95,99,1,1,6.9,POD-5-8,Mikey POD-5-8,CANMikaKurahashi
,CAN,Mark,Lloyd,M,2,0,57,119,1,1,7.1,POD-5-8,,CANMarkLloyd
,CAN,Gagan,Chatha,M,1,3,305,10,2,2,15.4,POD-5-8,,CANGaganChatha
Matty,CAN,Quinn,Snider,M,5,1,52,331,2,2,16.2,POD-5-8,Matty POD-5-8,CANQuinnSnider
,CAN,Molly,Wedge,F,1,0,3,24,1,1,2.6,POD-5-8,,CANMollyWedge
,CHN,Xiaoyun,Gao,F,2,0,31,227,0,4,-4.6,POD-5-8,,CHNXiaoyunGao
,CHN,Jiarong,Guo,M,4,2,132,375,3,1,26.5,POD-5-8,,CHNJiarongGuo
,CHN,Xin,Li,M,3,2,314,193,0,3,9.4,POD-5-8,,CHNXinLi
,CHN,Xue,Li,F,1,0,86,27,0,3,-4.9,POD-5-8,,CHNXueLi
,CHN,Bo,Liu,M,3,1,287,119,0,4,3.1,POD-5-8,,CHNBoLiu
Matty,CHN,Quan,Mao,M,0,6,498,69,2,7,9.5,POD-5-8,Matty POD-5-8,CHNQuanMao
,CHN,Xuanxuan,Wang,F,1,1,13,100,1,3,-0.6,POD-5-8,,CHNXuanxuanWang
,CHN,Simei,Wei,F,0,3,175,144,0,4,-0.8,POD-5-8,,CHNSimeiWei
,CHN,Yingyi,Xu,M,4,2,24,301,0,3,3.7,POD-5-8,,CHNYingyiXu
,CHN,Yu,Zeng,M,1,3,268,115,1,1,15.4,POD-5-8,,CHNYuZeng
,CHN,Lu,Zhang,F,0,1,2,157,0,1,1.2,POD-5-8,,CHNLuZhang
,CHN,Ying,Zhang,F,0,0,68,-65,0,0,0.8,POD-5-8,,CHNYingZhang
,CHN,Anqi,Zhou,F,2,0,-30,118,0,1,0.5,POD-5-8,,CHNAnqiZhou
,CHN,Zhaoje,Zhou,M,1,1,71,62,0,1,2.4,POD-5-8,,CHNZhaojeZhou
,COL,Ivan,Alba,M,1,3,185,117,1,2,9.9,POD-5-8,,COLIvanAlba
Mikey,COL,Jorge,Bulla,M,0,5,222,81,1,2,11.3,POD-5-8,Mikey POD-5-8,COLJorgeBulla
,COL,Manuel,Candamil,M,2,1,90,65,0,0,7.0,POD-5-8,,COLManuelCandamil
,COL,Jonathan,Cantor,M,0,1,26,-29,0,0,1.2,POD-5-8,,COLJonathanCantor
Devynn,COL,Manuela,Cárdenas,F,1,2,222,87,0,1,8.4,POD-5-8,Devynn POD-5-8,COLManuelaCárdenas
Matty,COL,Valeria,Cárdenas,F,3,0,213,258,0,3,5.7,POD-5-8,Matty POD-5-8,COLValeriaCárdenas
Matty,COL,Yina,Cartagena,F,1,3,218,219,0,1,12.0,POD-5-8,Matty POD-5-8,COLYinaCartagena
,COL,Juan Manuel,Cortes Amariles,M,0,0,15,67,0,0,1.8,POD-5-8,,COLJuan ManuelCortes Amariles
,COL,Maria,Forero,F,1,1,15,62,0,0,3.7,POD-5-8,,COLMariaForero
,COL,Ximena,Montaña,F,3,0,-1,106,1,0,9.1,POD-5-8,,COLXimenaMontaña
Quinn,COL,Laura,Ospina,F,1,1,92,113,0,0,7.1,POD-5-8,Quinn POD-5-8,COLLauraOspina
,COL,Andrés,Ramirez,M,5,2,52,154,1,0,15.7,POD-5-8,,COLAndrésRamirez
,COL,Simón,Ramírez,M,0,0,19,17,0,1,-2.1,POD-5-8,,COLSimónRamírez
,COL,Maria Paula,Santos,F,2,1,56,107,0,0,6.8,POD-5-8,,COLMaria PaulaSantos
Mikey,FRA,Gaël,Ancelin,M,1,0,232,-21,0,5,-7.4,POD-5-8,Mikey POD-5-8,FRAGaëlAncelin
,FRA,Paul,Benvegnen,M,2,8,569,172,2,2,32.6,POD-5-8,,FRAPaulBenvegnen
Quinn,FRA,Camille,Blanc,F,0,0,14,52,2,1,6.4,POD-5-8,Quinn POD-5-8,FRACamilleBlanc
Mikey,FRA,Elliot,Bonnet,M,5,2,151,439,1,2,18.4,POD-5-8,Mikey POD-5-8,FRAElliotBonnet
,FRA,Simone,Raulet,F,2,0,38,116,0,2,-0.5,POD-5-8,,FRASimoneRaulet
,FRA,Lison,Bornot,F,3,1,45,278,1,2,9.0,POD-5-8,,FRALisonBornot
,FRA,Zoë,Forget,F,2,0,45,111,0,0,5.6,POD-5-8,,FRAZoëForget
,FRA,Tifaine,Latchy,F,0,2,105,54,1,0,10.3,POD-5-8,,FRATifaineLatchy
,FRA,Chloé,Ollivier,F,2,0,-18,101,0,0,3.5,POD-5-8,,FRAChloéOllivier
,FRA,Sacha,Poitte-Sokolsky,M,4,0,254,77,0,3,4.2,POD-5-8,,FRASachaPoitte-Sokolsky
,FRA,Sullivan,Roblet,M,2,2,87,70,1,3,3.0,POD-5-8,,FRASullivanRoblet
,FRA,Simon,Ruelle,M,1,2,68,118,0,2,1.5,POD-5-8,,FRASimonRuelle
,FRA,Léo,Stanguennec,M,0,5,248,215,2,1,21.8,POD-5-8,,FRALéoStanguennec
,FRA,Chloé,Vallet,F,0,2,77,125,0,2,0.8,POD-5-8,,FRAChloéVallet
,GER,Jakob,Dieckmann,M,6,2,156,367,0,3,11.0,POD-5-8,,GERJakobDieckmann
,GER,Joana,Erdmann,F,1,0,-27,130,1,2,0.8,POD-5-8,,GERJoanaErdmann
,GER,Hartley,Greenwald,M,1,2,124,90,1,2,6.6,POD-5-8,,GERHartleyGreenwald
,GER,Paul,Herkens,M,3,2,144,159,6,1,33.6,POD-5-8,,GERPaulHerkens
,GER,David,Metzger,M,4,4,387,104,2,3,20.8,POD-5-8,,GERDavidMetzger
,GER,Ava,Mueller,F,3,1,169,25,1,1,10.6,POD-5-8,,GERAvaMueller
Devynn,GER,Nico,Müller,M,1,7,565,106,0,1,24.2,POD-5-8,Devynn POD-5-8,GERNicoMüller
,GER,Nici,Prien,F,2,2,27,239,1,2,7.6,POD-5-8,,GERNiciPrien
,GER,Charlotte,Schall,F,2,2,229,165,1,1,15.2,POD-5-8,,GERCharlotteSchall
Keith,GER,Conrad,Schloer,M,4,11,332,447,3,1,43.0,POD-5-8,Keith POD-5-8,GERConradSchloer
,GER,Lisa,Schütz,F,0,2,150,88,2,2,10.3,POD-5-8,,GERLisaSchütz
,GER,Nis-Julius,Sontag,M,1,2,164,42,0,1,5.8,POD-5-8,,GERNis-JuliusSontag
Keith,GER,Levke,Walczak,F,10,1,86,489,1,7,6.4,POD-5-8,Keith POD-5-8,GERLevkeWalczak
,GER,Verena,Woloson,F,0,0,-11,69,0,1,-1.9,POD-5-8,,GERVerenaWoloson
Matty,JPN,Taiyo,Arakawa,M,9,0,-37,367,1,0,19.2,POD-5-8,Matty POD-5-8,JPNTaiyoArakawa
Mikey,JPN,Kanari,Imanishi,F,1,0,110,110,1,1,7.5,POD-5-8,Mikey POD-5-8,JPNKanariImanishi
Keith,JPN,Yuko,Kashino,F,2,6,239,213,0,0,19.5,POD-5-8,Keith POD-5-8,JPNYukoKashino
,JPN,Masashi,Kurono,M,5,5,201,592,1,4,19.9,POD-5-8,,JPNMasashiKurono
,JPN,Shumpei,Makiyama,M,4,4,216,225,2,2,21.0,POD-5-8,,JPNShumpeiMakiyama
,JPN,Masahiro,Matsuno,M,0,2,311,89,0,4,1.2,POD-5-8,,JPNMasahiroMatsuno
,JPN,Hikari,Miyachi,F,0,0,0,0,0,0,0.0,POD-5-8,,JPNHikariMiyachi
,JPN,Akifumi,Muraoka,M,1,1,167,48,1,0,12.1,POD-5-8,,JPNAkifumiMuraoka
,JPN,Sho,Okajima,M,3,4,162,198,0,4,3.9,POD-5-8,,JPNShoOkajima
,JPN,Riyu,Shimizu,F,0,3,418,118,0,3,9.1,POD-5-8,,JPNRiyuShimizu
,JPN,Ryota,Suzuki,M,1,2,515,-33,0,3,8.9,POD-5-8,,JPNRyotaSuzuki
,JPN,Miwa,Tajima,F,1,0,6,20,0,0,1.6,POD-5-8,,JPNMiwaTajima
,JPN,Mayuka,Takada,F,3,3,240,436,0,3,13.0,POD-5-8,,JPNMayukaTakada
,JPN,Sayako,Nemoto,F,0,0,-31,45,1,0,4.0,POD-5-8,,JPNSayakoNemoto
,USA,Marques,Brownlee,M,3,2,359,43,1,4,8.8,POD-5-8,,USAMarquesBrownlee
Quinn,USA,Claire,Chastain,F,0,1,89,90,1,3,0.5,POD-5-8,Quinn POD-5-8,USAClaireChastain
Matty,USA,Dawn,Culton,F,3,1,73,151,0,0,9.2,POD-5-8,Matty POD-5-8,USADawnCulton
,USA,Carolyn,Finney,F,2,3,253,241,1,0,21.5,POD-5-8,,USACarolynFinney
,USA,Dylan,Freechild,M,1,5,475,-3,2,3,19.3,POD-5-8,,USADylanFreechild
Matty,USA,Kami,Groom,F,3,2,22,210,0,0,9.9,POD-5-8,Matty POD-5-8,USAKamiGroom
Mikey,USA,Raphy,Hayes,M,4,3,129,450,2,5,12.9,POD-5-8,Mikey POD-5-8,USARaphyHayes
Mikey,USA,Kaela,Helton,F,2,2,107,169,1,0,14.6,POD-5-8,Mikey POD-5-8,USAKaelaHelton
Matty,USA,Henry,Ing,M,4,3,110,386,0,1,15.0,POD-5-8,Matty POD-5-8,USAHenryIng
Devynn,USA,Michael,Ing,M,5,3,256,202,5,3,30.8,POD-5-8,Devynn POD-5-8,USAMichaelIng
Quinn,USA,Chris,Kocher,M,1,3,316,94,1,0,19.5,POD-5-8,Quinn POD-5-8,USAChrisKocher
Quinn,USA,Grant,Lindsley,M,2,6,283,206,0,0,20.7,POD-5-8,Quinn POD-5-8,USAGrantLindsley
Devynn,USA,Anna,Thompson,F,2,5,225,254,2,1,23.9,POD-5-8,Devynn POD-5-8,USAAnnaThompson
Keith,USA,Claire,Trop,F,7,0,38,252,1,1,14.2,POD-5-8,Keith POD-5-8,USAClaireTrop
James,AUS,Rob,Andrews,M,3,4,266,337,3,3,24.8,CROCS-8-8,James CROCS-8-8,AUSRobAndrews
,AUS,James,Bray,M,0,0,18,20,0,0,0.9,CROCS-8-8,,AUSJamesBray
Ryan,AUS,Olivia,Carr,F,3,0,0,58,0,1,1.2,CROCS-8-8,Ryan CROCS-8-8,AUSOliviaCarr
Thomas,AUS,Bill,Foreman,M,2,1,190,113,1,1,12.1,CROCS-8-8,Thomas CROCS-8-8,AUSBillForeman
Katelyn,AUS,Alex,Gan,M,1,0,293,111,0,7,-8.9,CROCS-8-8,Katelyn CROCS-8-8,AUSAlexGan
,AUS,Jonathan,Keys,M,2,7,387,196,0,4,12.6,CROCS-8-8,,AUSJonathanKeys
James,AUS,Alex,Ladomatos,M,0,2,204,103,0,2,4.3,CROCS-8-8,James CROCS-8-8,AUSAlexLadomatos
Owen,AUS,Sam,McGuckin,M,4,3,110,301,0,2,10.3,CROCS-8-8,Owen CROCS-8-8,AUSSamMcGuckin
,AUS,Lyra,Meehan,F,0,1,15,9,0,0,1.7,CROCS-8-8,,AUSLyraMeehan
Owen,AUS,Cat,Phillips,F,1,4,240,379,2,2,21.9,CROCS-8-8,Owen CROCS-8-8,AUSCatPhillips
Ethan,AUS,Angela,Pidgeon,F,3,1,19,91,1,0,10.4,CROCS-8-8,Ethan CROCS-8-8,AUSAngelaPidgeon
,AUS,Alexandra,Prentice,F,1,0,324,137,0,3,4.5,CROCS-8-8,,AUSAlexandraPrentice
,AUS,Kya,Wiya,F,4,2,41,250,0,2,6.2,CROCS-8-8,,AUSKyaWiya
Isaac,AUS,Georgia,Egan-Griffiths,F,1,0,32,36,0,0,2.7,CROCS-8-8,Isaac CROCS-8-8,AUSGeorgiaEgan-Griffiths
,CAN,Malik,Auger-Semmar,M,4,3,174,257,0,0,17.4,CROCS-8-8,,CANMalikAuger-Semmar
,CAN,Anouchka,Beaudry,F,3,2,51,172,0,1,6.9,CROCS-8-8,,CANAnouchkaBeaudry
Ryan,CAN,Malcolm,Bryson,M,0,2,95,98,2,1,11.9,CROCS-8-8,Ryan CROCS-8-8,CANMalcolmBryson
,CAN,Florence,Dionne,F,1,0,0,33,1,0,5.7,CROCS-8-8,,CANFlorenceDionne
Travis,CAN,Brittney,Dos Santos,F,2,4,282,192,0,3,9.3,CROCS-8-8,Travis CROCS-8-8,CANBrittneyDos Santos
Thomas,CAN,Thomas,Edmonds,M,4,3,451,238,1,1,26.5,CROCS-8-8,Thomas CROCS-8-8,CANThomasEdmonds
Ryan,CAN,Marty,Gallant,M,3,1,154,217,0,0,13.0,CROCS-8-8,Ryan CROCS-8-8,CANMartyGallant
Owen,CAN,Sarah,Jacobsohn,F,0,3,86,163,0,4,-3.1,CROCS-8-8,Owen CROCS-8-8,CANSarahJacobsohn
Owen,CAN,Lauren,Kimura,F,0,2,188,41,2,0,16.5,CROCS-8-8,Owen CROCS-8-8,CANLaurenKimura
Katelyn,CAN,Mika,Kurahashi,F,0,1,95,99,1,1,6.9,CROCS-8-8,Katelyn CROCS-8-8,CANMikaKurahashi
Ethan,CAN,Mark,Lloyd,M,2,0,57,119,1,1,7.1,CROCS-8-8,Ethan CROCS-8-8,CANMarkLloyd
,CAN,Gagan,Chatha,M,1,3,305,10,2,2,15.4,CROCS-8-8,,CANGaganChatha
James,CAN,Quinn,Snider,M,5,1,52,331,2,2,16.2,CROCS-8-8,James CROCS-8-8,CANQuinnSnider
Ethan,CAN,Molly,Wedge,F,1,0,3,24,1,1,2.6,CROCS-8-8,Ethan CROCS-8-8,CANMollyWedge
,CHN,Xiaoyun,Gao,F,2,0,31,227,0,4,-4.6,CROCS-8-8,,CHNXiaoyunGao
,CHN,Jiarong,Guo,M,4,2,132,375,3,1,26.5,CROCS-8-8,,CHNJiarongGuo
,CHN,Xin,Li,M,3,2,314,193,0,3,9.4,CROCS-8-8,,CHNXinLi
,CHN,Xue,Li,F,1,0,86,27,0,3,-4.9,CROCS-8-8,,CHNXueLi
Isaac,CHN,Bo,Liu,M,3,1,287,119,0,4,3.1,CROCS-8-8,Isaac CROCS-8-8,CHNBoLiu
,CHN,Quan,Mao,M,0,6,498,69,2,7,9.5,CROCS-8-8,,CHNQuanMao
,CHN,Xuanxuan,Wang,F,1,1,13,100,1,3,-0.6,CROCS-8-8,,CHNXuanxuanWang
Isaac,CHN,Simei,Wei,F,0,3,175,144,0,4,-0.8,CROCS-8-8,Isaac CROCS-8-8,CHNSimeiWei
,CHN,Yingyi,Xu,M,4,2,24,301,0,3,3.7,CROCS-8-8,,CHNYingyiXu
,CHN,Yu,Zeng,M,1,3,268,115,1,1,15.4,CROCS-8-8,,CHNYuZeng
,CHN,Lu,Zhang,F,0,1,2,157,0,1,1.2,CROCS-8-8,,CHNLuZhang
,CHN,Ying,Zhang,F,0,0,68,-65,0,0,0.8,CROCS-8-8,,CHNYingZhang
,CHN,Anqi,Zhou,F,2,0,-30,118,0,1,0.5,CROCS-8-8,,CHNAnqiZhou
,CHN,Zhaoje,Zhou,M,1,1,71,62,0,1,2.4,CROCS-8-8,,CHNZhaojeZhou
,COL,Ivan,Alba,M,1,3,185,117,1,2,9.9,CROCS-8-8,,COLIvanAlba
Ethan,COL,Jorge,Bulla,M,0,5,222,81,1,2,11.3,CROCS-8-8,Ethan CROCS-8-8,COLJorgeBulla
,COL,Manuel,Candamil,M,2,1,90,65,0,0,7.0,CROCS-8-8,,COLManuelCandamil
Travis,COL,Jonathan,Cantor,M,0,1,26,-29,0,0,1.2,CROCS-8-8,Travis CROCS-8-8,COLJonathanCantor
Travis,COL,Manuela,Cárdenas,F,1,2,222,87,0,1,8.4,CROCS-8-8,Travis CROCS-8-8,COLManuelaCárdenas
Thomas,COL,Valeria,Cárdenas,F,3,0,213,258,0,3,5.7,CROCS-8-8,Thomas CROCS-8-8,COLValeriaCárdenas
Travis,COL,Yina,Cartagena,F,1,3,218,219,0,1,12.0,CROCS-8-8,Travis CROCS-8-8,COLYinaCartagena
,COL,Juan Manuel,Cortes Amariles,M,0,0,15,67,0,0,1.8,CROCS-8-8,,COLJuan ManuelCortes Amariles
,COL,Maria,Forero,F,1,1,15,62,0,0,3.7,CROCS-8-8,,COLMariaForero
Isaac,COL,Ximena,Montaña,F,3,0,-1,106,1,0,9.1,CROCS-8-8,Isaac CROCS-8-8,COLXimenaMontaña
Katelyn,COL,Laura,Ospina,F,1,1,92,113,0,0,7.1,CROCS-8-8,Katelyn CROCS-8-8,COLLauraOspina
,COL,Andrés,Ramirez,M,5,2,52,154,1,0,15.7,CROCS-8-8,,COLAndrésRamirez
,COL,Simón,Ramírez,M,0,0,19,17,0,1,-2.1,CROCS-8-8,,COLSimónRamírez
,COL,Maria Paula,Santos,F,2,1,56,107,0,0,6.8,CROCS-8-8,,COLMaria PaulaSantos
Thomas,FRA,Gaël,Ancelin,M,1,0,232,-21,0,5,-7.4,CROCS-8-8,Thomas CROCS-8-8,FRAGaëlAncelin
,FRA,Paul,Benvegnen,M,2,8,569,172,2,2,32.6,CROCS-8-8,,FRAPaulBenvegnen
Ethan,FRA,Camille,Blanc,F,0,0,14,52,2,1,6.4,CROCS-8-8,Ethan CROCS-8-8,FRACamilleBlanc
Travis,FRA,Elliot,Bonnet,M,5,2,151,439,1,2,18.4,CROCS-8-8,Travis CROCS-8-8,FRAElliotBonnet
,FRA,Simone,Raulet,F,2,0,38,116,0,2,-0.5,CROCS-8-8,,FRASimoneRaulet
James,FRA,Lison,Bornot,F,3,1,45,278,1,2,9.0,CROCS-8-8,James CROCS-8-8,FRALisonBornot
Owen,FRA,Zoë,Forget,F,2,0,45,111,0,0,5.6,CROCS-8-8,Owen CROCS-8-8,FRAZoëForget
,FRA,Tifaine,Latchy,F,0,2,105,54,1,0,10.3,CROCS-8-8,,FRATifaineLatchy
Katelyn,FRA,Chloé,Ollivier,F,2,0,-18,101,0,0,3.5,CROCS-8-8,Katelyn CROCS-8-8,FRAChloéOllivier
Thomas,FRA,Sacha,Poitte-Sokolsky,M,4,0,254,77,0,3,4.2,CROCS-8-8,Thomas CROCS-8-8,FRASachaPoitte-Sokolsky
,FRA,Sullivan,Roblet,M,2,2,87,70,1,3,3.0,CROCS-8-8,,FRASullivanRoblet
,FRA,Simon,Ruelle,M,1,2,68,118,0,2,1.5,CROCS-8-8,,FRASimonRuelle
Katelyn,FRA,Léo,Stanguennec,M,0,5,248,215,2,1,21.8,CROCS-8-8,Katelyn CROCS-8-8,FRALéoStanguennec
,FRA,Chloé,Vallet,F,0,2,77,125,0,2,0.8,CROCS-8-8,,FRAChloéVallet
Travis,GER,Jakob,Dieckmann,M,6,2,156,367,0,3,11.0,CROCS-8-8,Travis CROCS-8-8,GERJakobDieckmann
,GER,Joana,Erdmann,F,1,0,-27,130,1,2,0.8,CROCS-8-8,,GERJoanaErdmann
,GER,Hartley,Greenwald,M,1,2,124,90,1,2,6.6,CROCS-8-8,,GERHartleyGreenwald
Katelyn,GER,Paul,Herkens,M,3,2,144,159,6,1,33.6,CROCS-8-8,Katelyn CROCS-8-8,GERPaulHerkens
Thomas,GER,David,Metzger,M,4,4,387,104,2,3,20.8,CROCS-8-8,Thomas CROCS-8-8,GERDavidMetzger
Thomas,GER,Ava,Mueller,F,3,1,169,25,1,1,10.6,CROCS-8-8,Thomas CROCS-8-8,GERAvaMueller
Owen,GER,Nico,Müller,M,1,7,565,106,0,1,24.2,CROCS-8-8,Owen CROCS-8-8,GERNicoMüller
,GER,Nici,Prien,F,2,2,27,239,1,2,7.6,CROCS-8-8,,GERNiciPrien
James,GER,Charlotte,Schall,F,2,2,229,165,1,1,15.2,CROCS-8-8,James CROCS-8-8,GERCharlotteSchall
Ryan,GER,Conrad,Schloer,M,4,11,332,447,3,1,43.0,CROCS-8-8,Ryan CROCS-8-8,GERConradSchloer
,GER,Lisa,Schütz,F,0,2,150,88,2,2,10.3,CROCS-8-8,,GERLisaSchütz
,GER,Nis-Julius,Sontag,M,1,2,164,42,0,1,5.8,CROCS-8-8,,GERNis-JuliusSontag
Ryan,GER,Levke,Walczak,F,10,1,86,489,1,7,6.4,CROCS-8-8,Ryan CROCS-8-8,GERLevkeWalczak
,GER,Verena,Woloson,F,0,0,-11,69,0,1,-1.9,CROCS-8-8,,GERVerenaWoloson
Thomas,JPN,Taiyo,Arakawa,M,9,0,-37,367,1,0,19.2,CROCS-8-8,Thomas CROCS-8-8,JPNTaiyoArakawa
,JPN,Kanari,Imanishi,F,1,0,110,110,1,1,7.5,CROCS-8-8,,JPNKanariImanishi
Ryan,JPN,Yuko,Kashino,F,2,6,239,213,0,0,19.5,CROCS-8-8,Ryan CROCS-8-8,JPNYukoKashino
Isaac,JPN,Masashi,Kurono,M,5,5,201,592,1,4,19.9,CROCS-8-8,Isaac CROCS-8-8,JPNMasashiKurono
,JPN,Shumpei,Makiyama,M,4,4,216,225,2,2,21.0,CROCS-8-8,,JPNShumpeiMakiyama
Isaac,JPN,Masahiro,Matsuno,M,0,2,311,89,0,4,1.2,CROCS-8-8,Isaac CROCS-8-8,JPNMasahiroMatsuno
Owen,JPN,Hikari,Miyachi,F,0,0,0,0,0,0,0.0,CROCS-8-8,Owen CROCS-8-8,JPNHikariMiyachi
,JPN,Akifumi,Muraoka,M,1,1,167,48,1,0,12.1,CROCS-8-8,,JPNAkifumiMuraoka
,JPN,Sho,Okajima,M,3,4,162,198,0,4,3.9,CROCS-8-8,,JPNShoOkajima
,JPN,Riyu,Shimizu,F,0,3,418,118,0,3,9.1,CROCS-8-8,,JPNRiyuShimizu
Ryan,JPN,Ryota,Suzuki,M,1,2,515,-33,0,3,8.9,CROCS-8-8,Ryan CROCS-8-8,JPNRyotaSuzuki
,JPN,Miwa,Tajima,F,1,0,6,20,0,0,1.6,CROCS-8-8,,JPNMiwaTajima
,JPN,Mayuka,Takada,F,3,3,240,436,0,3,13.0,CROCS-8-8,,JPNMayukaTakada
,JPN,Sayako,Nemoto,F,0,0,-31,45,1,0,4.0,CROCS-8-8,,JPNSayakoNemoto
Ethan,USA,Marques,Brownlee,M,3,2,359,43,1,4,8.8,CROCS-8-8,Ethan CROCS-8-8,USAMarquesBrownlee
Ryan,USA,Claire,Chastain,F,0,1,89,90,1,3,0.5,CROCS-8-8,Ryan CROCS-8-8,USAClaireChastain
James,USA,Dawn,Culton,F,3,1,73,151,0,0,9.2,CROCS-8-8,James CROCS-8-8,USADawnCulton
Travis,USA,Carolyn,Finney,F,2,3,253,241,1,0,21.5,CROCS-8-8,Travis CROCS-8-8,USACarolynFinney
Isaac,USA,Dylan,Freechild,M,1,5,475,-3,2,3,19.3,CROCS-8-8,Isaac CROCS-8-8,USADylanFreechild
Travis,USA,Kami,Groom,F,3,2,22,210,0,0,9.9,CROCS-8-8,Travis CROCS-8-8,USAKamiGroom
James,USA,Raphy,Hayes,M,4,3,129,450,2,5,12.9,CROCS-8-8,James CROCS-8-8,USARaphyHayes
Isaac,USA,Kaela,Helton,F,2,2,107,169,1,0,14.6,CROCS-8-8,Isaac CROCS-8-8,USAKaelaHelton
Ethan,USA,Henry,Ing,M,4,3,110,386,0,1,15.0,CROCS-8-8,Ethan CROCS-8-8,USAHenryIng
James,USA,Michael,Ing,M,5,3,256,202,5,3,30.8,CROCS-8-8,James CROCS-8-8,USAMichaelIng
Katelyn,USA,Chris,Kocher,M,1,3,316,94,1,0,19.5,CROCS-8-8,Katelyn CROCS-8-8,USAChrisKocher
Ethan,USA,Grant,Lindsley,M,2,6,283,206,0,0,20.7,CROCS-8-8,Ethan CROCS-8-8,USAGrantLindsley
Katelyn,USA,Anna,Thompson,F,2,5,225,254,2,1,23.9,CROCS-8-8,Katelyn CROCS-8-8,USAAnnaThompson
Owen,USA,Claire,Trop,F,7,0,38,252,1,1,14.2,CROCS-8-8,Owen CROCS-8-8,USAClaireTrop
Helen,AUS,Rob,Andrews,M,3,4,266,337,3,3,24.8,EESTI-6-8,Helen EESTI-6-8,AUSRobAndrews
Daniel,AUS,James,Bray,M,0,0,18,20,0,0,0.9,EESTI-6-8,Daniel EESTI-6-8,AUSJamesBray
,AUS,Olivia,Carr,F,3,0,0,58,0,1,1.2,EESTI-6-8,,AUSOliviaCarr
,AUS,Bill,Foreman,M,2,1,190,113,1,1,12.1,EESTI-6-8,,AUSBillForeman
Kristjan,AUS,Alex,Gan,M,1,0,293,111,0,7,-8.9,EESTI-6-8,Kristjan EESTI-6-8,AUSAlexGan
Riin,AUS,Jonathan,Keys,M,2,7,387,196,0,4,12.6,EESTI-6-8,Riin EESTI-6-8,AUSJonathanKeys
,AUS,Alex,Ladomatos,M,0,2,204,103,0,2,4.3,EESTI-6-8,,AUSAlexLadomatos
Kristjan,AUS,Sam,McGuckin,M,4,3,110,301,0,2,10.3,EESTI-6-8,Kristjan EESTI-6-8,AUSSamMcGuckin
Helen,AUS,Lyra,Meehan,F,0,1,15,9,0,0,1.7,EESTI-6-8,Helen EESTI-6-8,AUSLyraMeehan
Gert,AUS,Cat,Phillips,F,1,4,240,379,2,2,21.9,EESTI-6-8,Gert EESTI-6-8,AUSCatPhillips
,AUS,Angela,Pidgeon,F,3,1,19,91,1,0,10.4,EESTI-6-8,,AUSAngelaPidgeon
,AUS,Alexandra,Prentice,F,1,0,324,137,0,3,4.5,EESTI-6-8,,AUSAlexandraPrentice
Kristjan,AUS,Kya,Wiya,F,4,2,41,250,0,2,6.2,EESTI-6-8,Kristjan EESTI-6-8,AUSKyaWiya
,AUS,Georgia,Egan-Griffiths,F,1,0,32,36,0,0,2.7,EESTI-6-8,,AUSGeorgiaEgan-Griffiths
Kristjan,CAN,Malik,Auger-Semmar,M,4,3,174,257,0,0,17.4,EESTI-6-8,Kristjan EESTI-6-8,CANMalikAuger-Semmar
Daniel,CAN,Anouchka,Beaudry,F,3,2,51,172,0,1,6.9,EESTI-6-8,Daniel EESTI-6-8,CANAnouchkaBeaudry
,CAN,Malcolm,Bryson,M,0,2,95,98,2,1,11.9,EESTI-6-8,,CANMalcolmBryson
,CAN,Florence,Dionne,F,1,0,0,33,1,0,5.7,EESTI-6-8,,CANFlorenceDionne
Gert,CAN,Brittney,Dos Santos,F,2,4,282,192,0,3,9.3,EESTI-6-8,Gert EESTI-6-8,CANBrittneyDos Santos
Jakob,CAN,Thomas,Edmonds,M,4,3,451,238,1,1,26.5,EESTI-6-8,Jakob EESTI-6-8,CANThomasEdmonds
,CAN,Marty,Gallant,M,3,1,154,217,0,0,13.0,EESTI-6-8,,CANMartyGallant
,CAN,Sarah,Jacobsohn,F,0,3,86,163,0,4,-3.1,EESTI-6-8,,CANSarahJacobsohn
,CAN,Lauren,Kimura,F,0,2,188,41,2,0,16.5,EESTI-6-8,,CANLaurenKimura
Jakob,CAN,Mika,Kurahashi,F,0,1,95,99,1,1,6.9,EESTI-6-8,Jakob EESTI-6-8,CANMikaKurahashi
,CAN,Mark,Lloyd,M,2,0,57,119,1,1,7.1,EESTI-6-8,,CANMarkLloyd
,CAN,Gagan,Chatha,M,1,3,305,10,2,2,15.4,EESTI-6-8,,CANGaganChatha
Riin,CAN,Quinn,Snider,M,5,1,52,331,2,2,16.2,EESTI-6-8,Riin EESTI-6-8,CANQuinnSnider
,CAN,Molly,Wedge,F,1,0,3,24,1,1,2.6,EESTI-6-8,,CANMollyWedge
,CHN,Xiaoyun,Gao,F,2,0,31,227,0,4,-4.6,EESTI-6-8,,CHNXiaoyunGao
,CHN,Jiarong,Guo,M,4,2,132,375,3,1,26.5,EESTI-6-8,,CHNJiarongGuo
,CHN,Xin,Li,M,3,2,314,193,0,3,9.4,EESTI-6-8,,CHNXinLi
Daniel,CHN,Xue,Li,F,1,0,86,27,0,3,-4.9,EESTI-6-8,Daniel EESTI-6-8,CHNXueLi
,CHN,Bo,Liu,M,3,1,287,119,0,4,3.1,EESTI-6-8,,CHNBoLiu
,CHN,Quan,Mao,M,0,6,498,69,2,7,9.5,EESTI-6-8,,CHNQuanMao
,CHN,Xuanxuan,Wang,F,1,1,13,100,1,3,-0.6,EESTI-6-8,,CHNXuanxuanWang
,CHN,Simei,Wei,F,0,3,175,144,0,4,-0.8,EESTI-6-8,,CHNSimeiWei
,CHN,Yingyi,Xu,M,4,2,24,301,0,3,3.7,EESTI-6-8,,CHNYingyiXu
,CHN,Yu,Zeng,M,1,3,268,115,1,1,15.4,EESTI-6-8,,CHNYuZeng
,CHN,Lu,Zhang,F,0,1,2,157,0,1,1.2,EESTI-6-8,,CHNLuZhang
Helen,CHN,Ying,Zhang,F,0,0,68,-65,0,0,0.8,EESTI-6-8,Helen EESTI-6-8,CHNYingZhang
,CHN,Anqi,Zhou,F,2,0,-30,118,0,1,0.5,EESTI-6-8,,CHNAnqiZhou
,CHN,Zhaoje,Zhou,M,1,1,71,62,0,1,2.4,EESTI-6-8,,CHNZhaojeZhou
,COL,Ivan,Alba,M,1,3,185,117,1,2,9.9,EESTI-6-8,,COLIvanAlba
,COL,Jorge,Bulla,M,0,5,222,81,1,2,11.3,EESTI-6-8,,COLJorgeBulla
,COL,Manuel,Candamil,M,2,1,90,65,0,0,7.0,EESTI-6-8,,COLManuelCandamil
,COL,Jonathan,Cantor,M,0,1,26,-29,0,0,1.2,EESTI-6-8,,COLJonathanCantor
Daniel,COL,Manuela,Cárdenas,F,1,2,222,87,0,1,8.4,EESTI-6-8,Daniel EESTI-6-8,COLManuelaCárdenas
Helen,COL,Valeria,Cárdenas,F,3,0,213,258,0,3,5.7,EESTI-6-8,Helen EESTI-6-8,COLValeriaCárdenas
Kristjan,COL,Yina,Cartagena,F,1,3,218,219,0,1,12.0,EESTI-6-8,Kristjan EESTI-6-8,COLYinaCartagena
Daniel,COL,Juan Manuel,Cortes Amariles,M,0,0,15,67,0,0,1.8,EESTI-6-8,Daniel EESTI-6-8,COLJuan ManuelCortes Amariles
,COL,Maria,Forero,F,1,1,15,62,0,0,3.7,EESTI-6-8,,COLMariaForero
,COL,Ximena,Montaña,F,3,0,-1,106,1,0,9.1,EESTI-6-8,,COLXimenaMontaña
,COL,Laura,Ospina,F,1,1,92,113,0,0,7.1,EESTI-6-8,,COLLauraOspina
Gert,COL,Andrés,Ramirez,M,5,2,52,154,1,0,15.7,EESTI-6-8,Gert EESTI-6-8,COLAndrésRamirez
,COL,Simón,Ramírez,M,0,0,19,17,0,1,-2.1,EESTI-6-8,,COLSimónRamírez
,COL,Maria Paula,Santos,F,2,1,56,107,0,0,6.8,EESTI-6-8,,COLMaria PaulaSantos
Jakob,FRA,Gaël,Ancelin,M,1,0,232,-21,0,5,-7.4,EESTI-6-8,Jakob EESTI-6-8,FRAGaëlAncelin
Gert,FRA,Paul,Benvegnen,M,2,8,569,172,2,2,32.6,EESTI-6-8,Gert EESTI-6-8,FRAPaulBenvegnen
,FRA,Camille,Blanc,F,0,0,14,52,2,1,6.4,EESTI-6-8,,FRACamilleBlanc
Helen,FRA,Elliot,Bonnet,M,5,2,151,439,1,2,18.4,EESTI-6-8,Helen EESTI-6-8,FRAElliotBonnet
,FRA,Simone,Raulet,F,2,0,38,116,0,2,-0.5,EESTI-6-8,,FRASimoneRaulet
Gert,FRA,Lison,Bornot,F,3,1,45,278,1,2,9.0,EESTI-6-8,Gert EESTI-6-8,FRALisonBornot
,FRA,Zoë,Forget,F,2,0,45,111,0,0,5.6,EESTI-6-8,,FRAZoëForget
Jakob,FRA,Tifaine,Latchy,F,0,2,105,54,1,0,10.3,EESTI-6-8,Jakob EESTI-6-8,FRATifaineLatchy
,FRA,Chloé,Ollivier,F,2,0,-18,101,0,0,3.5,EESTI-6-8,,FRAChloéOllivier
Jakob,FRA,Sacha,Poitte-Sokolsky,M,4,0,254,77,0,3,4.2,EESTI-6-8,Jakob EESTI-6-8,FRASachaPoitte-Sokolsky
,FRA,Sullivan,Roblet,M,2,2,87,70,1,3,3.0,EESTI-6-8,,FRASullivanRoblet
,FRA,Simon,Ruelle,M,1,2,68,118,0,2,1.5,EESTI-6-8,,FRASimonRuelle
Helen,FRA,Léo,Stanguennec,M,0,5,248,215,2,1,21.8,EESTI-6-8,Helen EESTI-6-8,FRALéoStanguennec
Riin,FRA,Chloé,Vallet,F,0,2,77,125,0,2,0.8,EESTI-6-8,Riin EESTI-6-8,FRAChloéVallet
,GER,Jakob,Dieckmann,M,6,2,156,367,0,3,11.0,EESTI-6-8,,GERJakobDieckmann
,GER,Joana,Erdmann,F,1,0,-27,130,1,2,0.8,EESTI-6-8,,GERJoanaErdmann
Riin,GER,Hartley,Greenwald,M,1,2,124,90,1,2,6.6,EESTI-6-8,Riin EESTI-6-8,GERHartleyGreenwald
,GER,Paul,Herkens,M,3,2,144,159,6,1,33.6,EESTI-6-8,,GERPaulHerkens
,GER,David,Metzger,M,4,4,387,104,2,3,20.8,EESTI-6-8,,GERDavidMetzger
Riin,GER,Ava,Mueller,F,3,1,169,25,1,1,10.6,EESTI-6-8,Riin EESTI-6-8,GERAvaMueller
Gert,GER,Nico,Müller,M,1,7,565,106,0,1,24.2,EESTI-6-8,Gert EESTI-6-8,GERNicoMüller
,GER,Nici,Prien,F,2,2,27,239,1,2,7.6,EESTI-6-8,,GERNiciPrien
Helen,GER,Charlotte,Schall,F,2,2,229,165,1,1,15.2,EESTI-6-8,Helen EESTI-6-8,GERCharlotteSchall
Kristjan,GER,Conrad,Schloer,M,4,11,332,447,3,1,43.0,EESTI-6-8,Kristjan EESTI-6-8,GERConradSchloer
,GER,Lisa,Schütz,F,0,2,150,88,2,2,10.3,EESTI-6-8,,GERLisaSchütz
,GER,Nis-Julius,Sontag,M,1,2,164,42,0,1,5.8,EESTI-6-8,,GERNis-JuliusSontag
Kristjan,GER,Levke,Walczak,F,10,1,86,489,1,7,6.4,EESTI-6-8,Kristjan EESTI-6-8,GERLevkeWalczak
,GER,Verena,Woloson,F,0,0,-11,69,0,1,-1.9,EESTI-6-8,,GERVerenaWoloson
Helen,JPN,Taiyo,Arakawa,M,9,0,-37,367,1,0,19.2,EESTI-6-8,Helen EESTI-6-8,JPNTaiyoArakawa
,JPN,Kanari,Imanishi,F,1,0,110,110,1,1,7.5,EESTI-6-8,,JPNKanariImanishi
,JPN,Yuko,Kashino,F,2,6,239,213,0,0,19.5,EESTI-6-8,,JPNYukoKashino
,JPN,Masashi,Kurono,M,5,5,201,592,1,4,19.9,EESTI-6-8,,JPNMasashiKurono
,JPN,Shumpei,Makiyama,M,4,4,216,225,2,2,21.0,EESTI-6-8,,JPNShumpeiMakiyama
Daniel,JPN,Masahiro,Matsuno,M,0,2,311,89,0,4,1.2,EESTI-6-8,Daniel EESTI-6-8,JPNMasahiroMatsuno
,JPN,Hikari,Miyachi,F,0,0,0,0,0,0,0.0,EESTI-6-8,,JPNHikariMiyachi
,JPN,Akifumi,Muraoka,M,1,1,167,48,1,0,12.1,EESTI-6-8,,JPNAkifumiMuraoka
,JPN,Sho,Okajima,M,3,4,162,198,0,4,3.9,EESTI-6-8,,JPNShoOkajima
,JPN,Riyu,Shimizu,F,0,3,418,118,0,3,9.1,EESTI-6-8,,JPNRiyuShimizu
,JPN,Ryota,Suzuki,M,1,2,515,-33,0,3,8.9,EESTI-6-8,,JPNRyotaSuzuki
,JPN,Miwa,Tajima,F,1,0,6,20,0,0,1.6,EESTI-6-8,,JPNMiwaTajima
Riin,JPN,Mayuka,Takada,F,3,3,240,436,0,3,13.0,EESTI-6-8,Riin EESTI-6-8,JPNMayukaTakada
,JPN,Sayako,Nemoto,F,0,0,-31,45,1,0,4.0,EESTI-6-8,,JPNSayakoNemoto
Jakob,USA,Marques,Brownlee,M,3,2,359,43,1,4,8.8,EESTI-6-8,Jakob EESTI-6-8,USAMarquesBrownlee
Jakob,USA,Claire,Chastain,F,0,1,89,90,1,3,0.5,EESTI-6-8,Jakob EESTI-6-8,USAClaireChastain
,USA,Dawn,Culton,F,3,1,73,151,0,0,9.2,EESTI-6-8,,USADawnCulton
Daniel,USA,Carolyn,Finney,F,2,3,253,241,1,0,21.5,EESTI-6-8,Daniel EESTI-6-8,USACarolynFinney
,USA,Dylan,Freechild,M,1,5,475,-3,2,3,19.3,EESTI-6-8,,USADylanFreechild
Kristjan,USA,Kami,Groom,F,3,2,22,210,0,0,9.9,EESTI-6-8,Kristjan EESTI-6-8,USAKamiGroom
Riin,USA,Raphy,Hayes,M,4,3,129,450,2,5,12.9,EESTI-6-8,Riin EESTI-6-8,USARaphyHayes
Jakob,USA,Kaela,Helton,F,2,2,107,169,1,0,14.6,EESTI-6-8,Jakob EESTI-6-8,USAKaelaHelton
,USA,Henry,Ing,M,4,3,110,386,0,1,15.0,EESTI-6-8,,USAHenryIng
Gert,USA,Michael,Ing,M,5,3,256,202,5,3,30.8,EESTI-6-8,Gert EESTI-6-8,USAMichaelIng
,USA,Chris,Kocher,M,1,3,316,94,1,0,19.5,EESTI-6-8,,USAChrisKocher
Daniel,USA,Grant,Lindsley,M,2,6,283,206,0,0,20.7,EESTI-6-8,Daniel EESTI-6-8,USAGrantLindsley
Riin,USA,Anna,Thompson,F,2,5,225,254,2,1,23.9,EESTI-6-8,Riin EESTI-6-8,USAAnnaThompson
Gert,USA,Claire,Trop,F,7,0,38,252,1,1,14.2,EESTI-6-8,Gert EESTI-6-8,USAClaireTrop
Edward,AUS,Rob,Andrews,M,3,4,266,337,3,3,24.8,STURF-4-10,Edward STURF-4-10,AUSRobAndrews
,AUS,James,Bray,M,0,0,18,20,0,0,0.9,STURF-4-10,,AUSJamesBray
,AUS,Olivia,Carr,F,3,0,0,58,0,1,1.2,STURF-4-10,,AUSOliviaCarr
,AUS,Bill,Foreman,M,2,1,190,113,1,1,12.1,STURF-4-10,,AUSBillForeman
Keith,AUS,Alex,Gan,M,1,0,293,111,0,7,-8.9,STURF-4-10,Keith STURF-4-10,AUSAlexGan
,AUS,Jonathan,Keys,M,2,7,387,196,0,4,12.6,STURF-4-10,,AUSJonathanKeys
Ben,AUS,Alex,Ladomatos,M,0,2,204,103,0,2,4.3,STURF-4-10,Ben STURF-4-10,AUSAlexLadomatos
Keith,AUS,Sam,McGuckin,M,4,3,110,301,0,2,10.3,STURF-4-10,Keith STURF-4-10,AUSSamMcGuckin
,AUS,Lyra,Meehan,F,0,1,15,9,0,0,1.7,STURF-4-10,,AUSLyraMeehan
Edward,AUS,Cat,Phillips,F,1,4,240,379,2,2,21.9,STURF-4-10,Edward STURF-4-10,AUSCatPhillips
,AUS,Angela,Pidgeon,F,3,1,19,91,1,0,10.4,STURF-4-10,,AUSAngelaPidgeon
,AUS,Alexandra,Prentice,F,1,0,324,137,0,3,4.5,STURF-4-10,,AUSAlexandraPrentice
,AUS,Kya,Wiya,F,4,2,41,250,0,2,6.2,STURF-4-10,,AUSKyaWiya
,AUS,Georgia,Egan-Griffiths,F,1,0,32,36,0,0,2.7,STURF-4-10,,AUSGeorgiaEgan-Griffiths
Edward,CAN,Malik,Auger-Semmar,M,4,3,174,257,0,0,17.4,STURF-4-10,Edward STURF-4-10,CANMalikAuger-Semmar
Josh,CAN,Anouchka,Beaudry,F,3,2,51,172,0,1,6.9,STURF-4-10,Josh STURF-4-10,CANAnouchkaBeaudry
,CAN,Malcolm,Bryson,M,0,2,95,98,2,1,11.9,STURF-4-10,,CANMalcolmBryson
,CAN,Florence,Dionne,F,1,0,0,33,1,0,5.7,STURF-4-10,,CANFlorenceDionne
Keith,CAN,Brittney,Dos Santos,F,2,4,282,192,0,3,9.3,STURF-4-10,Keith STURF-4-10,CANBrittneyDos Santos
Josh,CAN,Thomas,Edmonds,M,4,3,451,238,1,1,26.5,STURF-4-10,Josh STURF-4-10,CANThomasEdmonds
,CAN,Marty,Gallant,M,3,1,154,217,0,0,13.0,STURF-4-10,,CANMartyGallant
,CAN,Sarah,Jacobsohn,F,0,3,86,163,0,4,-3.1,STURF-4-10,,CANSarahJacobsohn
Ben,CAN,Lauren,Kimura,F,0,2,188,41,2,0,16.5,STURF-4-10,Ben STURF-4-10,CANLaurenKimura
Ben,CAN,Mika,Kurahashi,F,0,1,95,99,1,1,6.9,STURF-4-10,Ben STURF-4-10,CANMikaKurahashi
,CAN,Mark,Lloyd,M,2,0,57,119,1,1,7.1,STURF-4-10,,CANMarkLloyd
,CAN,Gagan,Chatha,M,1,3,305,10,2,2,15.4,STURF-4-10,,CANGaganChatha
Ben,CAN,Quinn,Snider,M,5,1,52,331,2,2,16.2,STURF-4-10,Ben STURF-4-10,CANQuinnSnider
,CAN,Molly,Wedge,F,1,0,3,24,1,1,2.6,STURF-4-10,,CANMollyWedge
,CHN,Xiaoyun,Gao,F,2,0,31,227,0,4,-4.6,STURF-4-10,,CHNXiaoyunGao
,CHN,Jiarong,Guo,M,4,2,132,375,3,1,26.5,STURF-4-10,,CHNJiarongGuo
,CHN,Xin,Li,M,3,2,314,193,0,3,9.4,STURF-4-10,,CHNXinLi
,CHN,Xue,Li,F,1,0,86,27,0,3,-4.9,STURF-4-10,,CHNXueLi
,CHN,Bo,Liu,M,3,1,287,119,0,4,3.1,STURF-4-10,,CHNBoLiu
,CHN,Quan,Mao,M,0,6,498,69,2,7,9.5,STURF-4-10,,CHNQuanMao
,CHN,Xuanxuan,Wang,F,1,1,13,100,1,3,-0.6,STURF-4-10,,CHNXuanxuanWang
,CHN,Simei,Wei,F,0,3,175,144,0,4,-0.8,STURF-4-10,,CHNSimeiWei
,CHN,Yingyi,Xu,M,4,2,24,301,0,3,3.7,STURF-4-10,,CHNYingyiXu
,CHN,Yu,Zeng,M,1,3,268,115,1,1,15.4,STURF-4-10,,CHNYuZeng
,CHN,Lu,Zhang,F,0,1,2,157,0,1,1.2,STURF-4-10,,CHNLuZhang
,CHN,Ying,Zhang,F,0,0,68,-65,0,0,0.8,STURF-4-10,,CHNYingZhang
,CHN,Anqi,Zhou,F,2,0,-30,118,0,1,0.5,STURF-4-10,,CHNAnqiZhou
,CHN,Zhaoje,Zhou,M,1,1,71,62,0,1,2.4,STURF-4-10,,CHNZhaojeZhou
,COL,Ivan,Alba,M,1,3,185,117,1,2,9.9,STURF-4-10,,COLIvanAlba
,COL,Jorge,Bulla,M,0,5,222,81,1,2,11.3,STURF-4-10,,COLJorgeBulla
,COL,Manuel,Candamil,M,2,1,90,65,0,0,7.0,STURF-4-10,,COLManuelCandamil
Josh,COL,Jonathan,Cantor,M,0,1,26,-29,0,0,1.2,STURF-4-10,Josh STURF-4-10,COLJonathanCantor
Edward,COL,Manuela,Cárdenas,F,1,2,222,87,0,1,8.4,STURF-4-10,Edward STURF-4-10,COLManuelaCárdenas
Keith,COL,Valeria,Cárdenas,F,3,0,213,258,0,3,5.7,STURF-4-10,Keith STURF-4-10,COLValeriaCárdenas
Keith,COL,Yina,Cartagena,F,1,3,218,219,0,1,12.0,STURF-4-10,Keith STURF-4-10,COLYinaCartagena
,COL,Juan Manuel,Cortes Amariles,M,0,0,15,67,0,0,1.8,STURF-4-10,,COLJuan ManuelCortes Amariles
,COL,Maria,Forero,F,1,1,15,62,0,0,3.7,STURF-4-10,,COLMariaForero
,COL,Ximena,Montaña,F,3,0,-1,106,1,0,9.1,STURF-4-10,,COLXimenaMontaña
Josh,COL,Laura,Ospina,F,1,1,92,113,0,0,7.1,STURF-4-10,Josh STURF-4-10,COLLauraOspina
,COL,Andrés,Ramirez,M,5,2,52,154,1,0,15.7,STURF-4-10,,COLAndrésRamirez
,COL,Simón,Ramírez,M,0,0,19,17,0,1,-2.1,STURF-4-10,,COLSimónRamírez
Edward,COL,Maria Paula,Santos,F,2,1,56,107,0,0,6.8,STURF-4-10,Edward STURF-4-10,COLMaria PaulaSantos
Josh,FRA,Gaël,Ancelin,M,1,0,232,-21,0,5,-7.4,STURF-4-10,Josh STURF-4-10,FRAGaëlAncelin
,FRA,Paul,Benvegnen,M,2,8,569,172,2,2,32.6,STURF-4-10,,FRAPaulBenvegnen
,FRA,Camille,Blanc,F,0,0,14,52,2,1,6.4,STURF-4-10,,FRACamilleBlanc
Ben,FRA,Elliot,Bonnet,M,5,2,151,439,1,2,18.4,STURF-4-10,Ben STURF-4-10,FRAElliotBonnet
,FRA,Simone,Raulet,F,2,0,38,116,0,2,-0.5,STURF-4-10,,FRASimoneRaulet
Josh,FRA,Lison,Bornot,F,3,1,45,278,1,2,9.0,STURF-4-10,Josh STURF-4-10,FRALisonBornot
,FRA,Zoë,Forget,F,2,0,45,111,0,0,5.6,STURF-4-10,,FRAZoëForget
,FRA,Tifaine,Latchy,F,0,2,105,54,1,0,10.3,STURF-4-10,,FRATifaineLatchy
,FRA,Chloé,Ollivier,F,2,0,-18,101,0,0,3.5,STURF-4-10,,FRAChloéOllivier
Keith,FRA,Sacha,Poitte-Sokolsky,M,4,0,254,77,0,3,4.2,STURF-4-10,Keith STURF-4-10,FRASachaPoitte-Sokolsky
,FRA,Sullivan,Roblet,M,2,2,87,70,1,3,3.0,STURF-4-10,,FRASullivanRoblet
,FRA,Simon,Ruelle,M,1,2,68,118,0,2,1.5,STURF-4-10,,FRASimonRuelle
,FRA,Léo,Stanguennec,M,0,5,248,215,2,1,21.8,STURF-4-10,,FRALéoStanguennec
,FRA,Chloé,Vallet,F,0,2,77,125,0,2,0.8,STURF-4-10,,FRAChloéVallet
,GER,Jakob,Dieckmann,M,6,2,156,367,0,3,11.0,STURF-4-10,,GERJakobDieckmann
,GER,Joana,Erdmann,F,1,0,-27,130,1,2,0.8,STURF-4-10,,GERJoanaErdmann
,GER,Hartley,Greenwald,M,1,2,124,90,1,2,6.6,STURF-4-10,,GERHartleyGreenwald
,GER,Paul,Herkens,M,3,2,144,159,6,1,33.6,STURF-4-10,,GERPaulHerkens
,GER,David,Metzger,M,4,4,387,104,2,3,20.8,STURF-4-10,,GERDavidMetzger
,GER,Ava,Mueller,F,3,1,169,25,1,1,10.6,STURF-4-10,,GERAvaMueller
Keith,GER,Nico,Müller,M,1,7,565,106,0,1,24.2,STURF-4-10,Keith STURF-4-10,GERNicoMüller
Keith,GER,Nici,Prien,F,2,2,27,239,1,2,7.6,STURF-4-10,Keith STURF-4-10,GERNiciPrien
Edward,GER,Charlotte,Schall,F,2,2,229,165,1,1,15.2,STURF-4-10,Edward STURF-4-10,GERCharlotteSchall
Edward,GER,Conrad,Schloer,M,4,11,332,447,3,1,43.0,STURF-4-10,Edward STURF-4-10,GERConradSchloer
,GER,Lisa,Schütz,F,0,2,150,88,2,2,10.3,STURF-4-10,,GERLisaSchütz
,GER,Nis-Julius,Sontag,M,1,2,164,42,0,1,5.8,STURF-4-10,,GERNis-JuliusSontag
Josh,GER,Levke,Walczak,F,10,1,86,489,1,7,6.4,STURF-4-10,Josh STURF-4-10,GERLevkeWalczak
,GER,Verena,Woloson,F,0,0,-11,69,0,1,-1.9,STURF-4-10,,GERVerenaWoloson
Ben,JPN,Taiyo,Arakawa,M,9,0,-37,367,1,0,19.2,STURF-4-10,Ben STURF-4-10,JPNTaiyoArakawa
,JPN,Kanari,Imanishi,F,1,0,110,110,1,1,7.5,STURF-4-10,,JPNKanariImanishi
Keith,JPN,Yuko,Kashino,F,2,6,239,213,0,0,19.5,STURF-4-10,Keith STURF-4-10,JPNYukoKashino
,JPN,Masashi,Kurono,M,5,5,201,592,1,4,19.9,STURF-4-10,,JPNMasashiKurono
,JPN,Shumpei,Makiyama,M,4,4,216,225,2,2,21.0,STURF-4-10,,JPNShumpeiMakiyama
,JPN,Masahiro,Matsuno,M,0,2,311,89,0,4,1.2,STURF-4-10,,JPNMasahiroMatsuno
,JPN,Hikari,Miyachi,F,0,0,0,0,0,0,0.0,STURF-4-10,,JPNHikariMiyachi
,JPN,Akifumi,Muraoka,M,1,1,167,48,1,0,12.1,STURF-4-10,,JPNAkifumiMuraoka
Edward,JPN,Sho,Okajima,M,3,4,162,198,0,4,3.9,STURF-4-10,Edward STURF-4-10,JPNShoOkajima
,JPN,Riyu,Shimizu,F,0,3,418,118,0,3,9.1,STURF-4-10,,JPNRiyuShimizu
,JPN,Ryota,Suzuki,M,1,2,515,-33,0,3,8.9,STURF-4-10,,JPNRyotaSuzuki
,JPN,Miwa,Tajima,F,1,0,6,20,0,0,1.6,STURF-4-10,,JPNMiwaTajima
,JPN,Mayuka,Takada,F,3,3,240,436,0,3,13.0,STURF-4-10,,JPNMayukaTakada
,JPN,Sayako,Nemoto,F,0,0,-31,45,1,0,4.0,STURF-4-10,,JPNSayakoNemoto
,USA,Marques,Brownlee,M,3,2,359,43,1,4,8.8,STURF-4-10,,USAMarquesBrownlee
Ben,USA,Claire,Chastain,F,0,1,89,90,1,3,0.5,STURF-4-10,Ben STURF-4-10,USAClaireChastain
,USA,Dawn,Culton,F,3,1,73,151,0,0,9.2,STURF-4-10,,USADawnCulton
,USA,Carolyn,Finney,F,2,3,253,241,1,0,21.5,STURF-4-10,,USACarolynFinney
,USA,Dylan,Freechild,M,1,5,475,-3,2,3,19.3,STURF-4-10,,USADylanFreechild
Ben,USA,Kami,Groom,F,3,2,22,210,0,0,9.9,STURF-4-10,Ben STURF-4-10,USAKamiGroom
Ben,USA,Raphy,Hayes,M,4,3,129,450,2,5,12.9,STURF-4-10,Ben STURF-4-10,USARaphyHayes
Josh,USA,Kaela,Helton,F,2,2,107,169,1,0,14.6,STURF-4-10,Josh STURF-4-10,USAKaelaHelton
Keith,USA,Henry,Ing,M,4,3,110,386,0,1,15.0,STURF-4-10,Keith STURF-4-10,USAHenryIng
Josh,USA,Michael,Ing,M,5,3,256,202,5,3,30.8,STURF-4-10,Josh STURF-4-10,USAMichaelIng
Josh,USA,Chris,Kocher,M,1,3,316,94,1,0,19.5,STURF-4-10,Josh STURF-4-10,USAChrisKocher
Edward,USA,Grant,Lindsley,M,2,6,283,206,0,0,20.7,STURF-4-10,Edward STURF-4-10,USAGrantLindsley
Edward,USA,Anna,Thompson,F,2,5,225,254,2,1,23.9,STURF-4-10,Edward STURF-4-10,USAAnnaThompson
Ben,USA,Claire,Trop,F,7,0,38,252,1,1,14.2,STURF-4-10,Ben STURF-4-10,USAClaireTrop